,client_id,nom,prenom,ville_id
0,1,Techer,Mathilde,50
1,2,Petit,André,53
2,3,Martin,René,71
3,4,Pruvost,Philippine,41
4,5,Bertrand,Lucie,47
5,6,Poirier,Gilbert,42
6,7,Marie,Aimé,73
7,8,Rolland,Aimée,5
8,9,Maillard,Marc,20
9,10,Poirier,Christophe,12
10,11,Pascal,William,15
11,12,Robert,Timothée,60
12,13,Blanchard,Inès,20
13,14,Joubert,Isabelle,68
14,15,Da Costa,Robert,49
15,16,Samson,Nicole,39
16,17,Le Goff,Margot,14
17,18,Renaud,Suzanne,27
18,19,Dufour,Maryse,22
19,20,Alves,Virginie,91
20,21,Pasquier,Catherine,21
21,22,Picard,Pénélope,82
22,23,Valette,Édouard,73
23,24,Colas,Victor,33
24,25,Daniel,Éric,81
25,26,Clément,Véronique,36
26,27,Poulain,Charles,46
27,28,Michaud,Claude,67
28,29,Philippe,Anouk,20
29,30,Rey,Théodore,50
30,31,Masse,Matthieu,10
31,32,Fernandes,Roland,67
32,33,Boucher,Luce,10
33,34,Germain,Sébastien,71
34,35,Meunier,Diane,79
35,36,Berger,Amélie,11
36,37,Bailly,Noémi,4
37,38,Salmon,Louis,98
38,39,Germain,Thérèse,59
39,40,Bonneau,Nath,64
40,41,Delmas,Valérie,100
41,42,Descamps,Adélaïde,39
42,43,Ramos,Juliette,75
43,44,Jacquot,Agathe,98
44,45,Marin,Anastasie,50
45,46,Coulon,Timothée,96
46,47,Letellier,Édith,18
47,48,Robert,Antoinette,22
48,49,Lagarde,Catherine,51
49,50,Gautier,Célina,52
50,51,Aubry,Noël,63
51,52,Grégoire,Aurélie,56
52,53,Hernandez,Stéphanie,35
53,54,Bertrand,Antoinette,78
54,55,Dupuis,René,25
55,56,Toussaint,Dorothée,17
56,57,Boulanger,Constance,12
57,58,Lambert,Philippe,50
58,59,Ferrand,Nathalie,42
59,60,Klein,Lucas,80
60,61,Guyot,Josette,59
61,62,Marchal,Michèle,89
62,63,Maréchal,Augustin,55
63,64,Chauvin,Lucas,61
64,65,Raynaud,Yves,29
65,66,Marin,Audrey,91
66,67,Charles,Étienne,75
67,68,Paris,Pénélope,64
68,69,Dupuis,Daniel,47
69,70,Perret,Augustin,27
70,71,Gomes,Zacharie,5
71,72,Leblanc,Jacqueline,27
72,73,Becker,Andrée,80
73,74,Garnier,Françoise,36
74,75,Blot,Pénélope,94
75,76,Roche,Tristan,20
76,77,Sauvage,Emmanuel,43
77,78,Lecoq,Vincent,95
78,79,Pottier,Matthieu,87
79,80,Clerc,Margot,68
80,81,Traore,Benjamin,26
81,82,Lagarde,Théodore,12
82,83,Gilles,Luce,21
83,84,Laporte,Maggie,54
84,85,Boucher,Nathalie,10
85,86,Blanchard,Juliette,85
86,87,Lamy,Thibaut,77
87,88,David,Colette,40
88,89,Raynaud,Adrien,65
89,90,Vidal,Capucine,20
90,91,Diallo,Raymond,95
91,92,Legros,Claude,57
92,93,Colas,Éléonore,22
93,94,Rolland,René,36
94,95,Lefèvre,Lucas,97
95,96,Lecomte,Michel,14
96,97,Voisin,Andrée,86
97,98,Vallet,Margaud,49
98,99,Vallet,Gilbert,81
99,100,Blin,Daniel,99
100,101,Rémy,Rémy,9
101,102,Marchand,Maurice,94
102,103,Ledoux,Georges,20
103,104,Caron,Thibault,28
104,105,Turpin,Stéphanie,93
105,106,Colin,Maggie,1
106,107,Lemoine,Thérèse,90
107,108,Laurent,Marthe,37
108,109,Martineau,Clémence,36
109,110,Maréchal,Marc,92
110,111,Coste,Théodore,25
111,112,Alexandre,Martine,60
112,113,Gérard,Bernadette,27
113,114,Buisson,Thérèse,42
114,115,Brunel,Paulette,42
115,116,Petit,Claudine,84
116,117,Costa,Frédérique,8
117,118,Delahaye,Étienne,16
118,119,Thierry,Henri,51
119,120,Léger,Honoré,12
120,121,Mahe,Joseph,75
121,122,Brunet,Grégoire,11
122,123,Gilbert,Aimé,78
123,124,Lecoq,Édouard,55
124,125,Chevalier,Inès,25
125,126,Lévy,Théodore,51
126,127,Hubert,Maryse,85
127,128,Raynaud,Hélène,74
128,129,Texier,Richard,22
129,130,Perrin,Frédéric,2
130,131,Auger,Christophe,22
131,132,Dijoux,Nathalie,16
132,133,Guérin,Christelle,47
133,134,Laporte,William,50
134,135,Courtois,Claude,73
135,136,Dijoux,Jules,13
136,137,Tessier,Louise,72
137,138,Lefort,Laetitia,98
138,139,Marchand,Claudine,65
139,140,Dupuy,Laetitia,90
140,141,Millet,Renée,59
141,142,Julien,Suzanne,77
142,143,Legros,Eugène,97
143,144,Petitjean,Aimée,72
144,145,Fouquet,Susan,41
145,146,Barbier,Émile,9
146,147,Roy,Martin,21
147,148,Antoine,Margot,27
148,149,Fontaine,Marcel,54
149,150,Lebreton,Dorothée,54
150,151,Rémy,Alexandrie,74
151,152,Picard,Cécile,4
152,153,Leroy,Michelle,32
153,154,Moulin,Frédéric,67
154,155,Leleu,Patrick,80
155,156,Simon,Robert,22
156,157,Allard,Odette,31
157,158,Gauthier,Claudine,47
158,159,Delaunay,Tristan,16
159,160,Hoarau,Alice,20
160,161,Simon,Luce,39
161,162,Sanchez,Aimé,24
162,163,Descamps,Julien,89
163,164,Delorme,Martin,39
164,165,Thomas,Caroline,71
165,166,Schmitt,Margaret,79
166,167,Renard,Sébastien,44
167,168,François,Colette,53
168,169,Vidal,Éléonore,100
169,170,Moreno,Renée,51
170,171,Delorme,Laurent,44
171,172,Humbert,Marguerite,92
172,173,Evrard,Marie,16
173,174,Vincent,Rémy,36
174,175,Berthelot,Antoinette,72
175,176,Chevallier,Denise,64
176,177,Schneider,Julien,72
177,178,Jean,Dominique,64
178,179,Fischer,Alphonse,5
179,180,Lecoq,Isaac,23
180,181,Lecomte,Isaac,48
181,182,Renault,Éléonore,90
182,183,Normand,Maggie,67
183,184,Robert,Mathilde,50
184,185,Petit,Guillaume,24
185,186,Chartier,Luc,60
186,187,Bonneau,Maggie,13
187,188,Leconte,Marine,79
188,189,Poulain,Diane,64
189,190,Ruiz,Julie,93
190,191,Pelletier,Emmanuelle,89
191,192,Devaux,Alphonse,44
192,193,Duval,Claudine,13
193,194,Fabre,Maurice,68
194,195,Dumont,Véronique,22
195,196,Pons,Thérèse,91
196,197,Leclercq,Gabriel,79
197,198,Marty,Augustin,1
198,199,Voisin,Paul,48
199,200,Leblanc,Aurélie,33
200,201,Millet,Jean,47
201,202,Chauveau,Gabriel,41
202,203,Bouvier,Robert,98
203,204,Marty,Françoise,24
204,205,Simon,Alphonse,93
205,206,Louis,Suzanne,49
206,207,Fernandez,Noël,94
207,208,Brunel,Marcelle,48
208,209,Delmas,Nathalie,15
209,210,Brunel,Alix,65
210,211,Vaillant,Audrey,71
211,212,Bodin,Astrid,6
212,213,Voisin,Christiane,27
213,214,Bouchet,Élodie,58
214,215,Jacquet,Agathe,100
215,216,Delmas,Colette,65
216,217,Raymond,Victor,80
217,218,Paris,Grégoire,16
218,219,Laroche,Isaac,28
219,220,Lefèvre,Joséphine,27
220,221,Raynaud,Émile,96
221,222,Didier,Gérard,80
222,223,Lacombe,Stéphanie,35
223,224,Noël,Henriette,4
224,225,Peltier,Marianne,23
225,226,Nicolas,Agathe,76
226,227,Gomez,Adrien,39
227,228,Jacob,Clémence,84
228,229,Charpentier,Chantal,69
229,230,Benoit,Isaac,16
230,231,Perrin,Margaret,38
231,232,Petit,Richard,89
232,233,Salmon,Georges,30
233,234,Colin,Éléonore,19
234,235,Sauvage,Julien,18
235,236,Aubert,Christine,72
236,237,Techer,Marcel,22
237,238,Chrétien,Clémence,83
238,239,Hoarau,Bernadette,65
239,240,Renaud,Claude,37
240,241,Fernandez,Simone,14
241,242,Fleury,Richard,63
242,243,Bernier,Martin,97
243,244,Dos Santos,Caroline,84
244,245,Potier,Joseph,91
245,246,Lecoq,Thérèse,73
246,247,Lesage,Arthur,81
247,248,Joubert,Jules,73
248,249,Hamel,Manon,39
249,250,Boulay,Denise,56
250,251,Devaux,Bernard,61
251,252,Bonnet,Anaïs,71
252,253,Leclerc,Patrick,12
253,254,Collet,Nath,90
254,255,Descamps,Frédérique,92
255,256,Alves,Patrick,62
256,257,Colas,Marguerite,83
257,258,Collin,Roger,43
258,259,Royer,Philippe,54
259,260,Colin,Luce,80
260,261,Menard,Émilie,74
261,262,Pires,Margot,75
262,263,Laroche,Édith,36
263,264,Clément,Josette,83
264,265,Poulain,Thibault,80
265,266,Paul,Gérard,48
266,267,Poirier,Gabriel,90
267,268,Da Silva,Nicole,96
268,269,Muller,Benoît,91
269,270,Maréchal,Théodore,98
270,271,Renaud,Maggie,66
271,272,Bernard,Élodie,26
272,273,Millet,Juliette,56
273,274,Lemaître,Étienne,70
274,275,Aubry,Auguste,75
275,276,Joly,Simone,62
276,277,Mace,Gérard,40
277,278,Fabre,Noémi,65
278,279,Pruvost,Luce,79
279,280,Laurent,Marthe,78
280,281,Hervé,Franck,7
281,282,Collet,Philippine,18
282,283,Vidal,Pénélope,35
283,284,Jacquet,Julie,52
284,285,Carpentier,Laurent,36
285,286,Joseph,Margot,6
286,287,Lévêque,Laurent,92
287,288,Baudry,Alexandre,7
288,289,Morel,Laurence,43
289,290,Bigot,Alice,67
290,291,Benard,Alex,38
291,292,Raymond,Valérie,83
292,293,Martin,Victoire,36
293,294,Tessier,Adèle,77
294,295,Ferreira,Matthieu,48
295,296,Robin,Pénélope,48
296,297,Ollivier,Constance,86
297,298,Devaux,Marine,84
298,299,Millet,Jeannine,86
299,300,Laporte,Bertrand,43
300,301,Klein,Laurent,26
301,302,Colin,Océane,75
302,303,Perrot,Bernard,61
303,304,Raynaud,Zacharie,3
304,305,Faure,Louise,5
305,306,Thomas,Jacques,64
306,307,Delattre,Laure,70
307,308,Pineau,Valentine,35
308,309,Guyon,Alphonse,25
309,310,Chauvin,Corinne,78
310,311,Lopes,Brigitte,31
311,312,Le Goff,Bernard,40
312,313,Guichard,Agathe,100
313,314,Grenier,Nath,67
314,315,Collin,Patricia,15
315,316,Imbert,Gilles,78
316,317,Gaillard,Aurélie,25
317,318,Legrand,Adrien,43
318,319,François,Paulette,7
319,320,Lopes,Capucine,49
320,321,Grondin,Susanne,19
321,322,Diaz,Geneviève,30
322,323,Lévêque,Éric,34
323,324,Robin,Alfred,15
324,325,Girard,Grégoire,2
325,326,Lopes,Gilbert,28
326,327,Coste,Hortense,22
327,328,Pasquier,Éléonore,80
328,329,Cousin,Philippe,15
329,330,Breton,Odette,78
330,331,Fischer,Laurence,88
331,332,Raynaud,Nicole,71
332,333,Reynaud,Jeanne,28
333,334,Maillet,Noémi,56
334,335,Voisin,Georges,84
335,336,Noël,Isabelle,48
336,337,Carpentier,Stéphane,75
337,338,Laurent,Marcel,66
338,339,Thierry,Michel,77
339,340,Léger,Christine,59
340,341,Bruneau,Gérard,4
341,342,Hamon,Madeleine,48
342,343,Hamel,Alexandria,64
343,344,François,Léon,92
344,345,Labbé,Émile,54
345,346,Vallée,Nathalie,8
346,347,Pons,Henri,43
347,348,Ramos,André,64
348,349,Lefèvre,François,95
349,350,Foucher,Bernadette,95
350,351,Diaz,Colette,28
351,352,Delattre,Rémy,100
352,353,Gilbert,Brigitte,6
353,354,Dias,Louise,24
354,355,Potier,Élodie,28
355,356,François,Chantal,7
356,357,Bertin,Raymond,94
357,358,Delorme,Christelle,95
358,359,Pelletier,Adrien,35
359,360,Goncalves,Anne,49
360,361,Brunel,Auguste,3
361,362,Valentin,Augustin,51
362,363,Chevallier,Astrid,44
363,364,Roche,Victoire,93
364,365,Lombard,Joseph,14
365,366,Bonnin,Gilbert,76
366,367,Carpentier,Dominique,93
367,368,Bertin,Tristan,88
368,369,Dupuy,Nath,65
369,370,Carre,Élodie,96
370,371,Moreau,Madeleine,26
371,372,Valentin,Emmanuelle,12
372,373,Pasquier,Yves,25
373,374,Collet,Louis,94
374,375,Raymond,Alexandre,38
375,376,Gilles,Christophe,54
376,377,Pires,Nicolas,58
377,378,Rémy,Henri,15
378,379,Pelletier,Théodore,41
379,380,Lévêque,Paul,41
380,381,Allain,Frédérique,37
381,382,Marin,Victoire,20
382,383,Lévêque,Dominique,60
383,384,Lecoq,René,54
384,385,Roy,Éric,64
385,386,Vaillant,Guy,20
386,387,Langlois,René,63
387,388,Guillou,Noémi,93
388,389,Bazin,Laure,31
389,390,Lebreton,Capucine,58
390,391,Navarro,Jérôme,17
391,392,Simon,Catherine,52
392,393,Bègue,Zoé,97
393,394,Garcia,Gilbert,19
394,395,Dos Santos,Valentine,99
395,396,Lelièvre,Élise,68
396,397,Didier,Célina,13
397,398,Mendès,Chantal,62
398,399,Lemaître,Marianne,33
399,400,Bègue,Louise,98
400,401,Barbe,Théophile,73
401,402,Leclercq,Gilles,96
402,403,Guillon,Adrien,44
403,404,Mahe,Lucas,88
404,405,Laurent,Olivier,51
405,406,Peron,Claire,50
406,407,Tessier,Océane,71
407,408,Bonnet,Diane,8
408,409,Brunet,Paul,80
409,410,Weber,Marine,88
410,411,Gautier,Thibault,46
411,412,Guillet,Alphonse,14
412,413,Laurent,Christophe,38
413,414,Marin,Marc,76
414,415,Lopez,Henriette,4
415,416,Langlois,Michèle,63
416,417,Gros,Anne,2
417,418,Lacroix,Clémence,93
418,419,Payet,Anne,59
419,420,Texier,Océane,64
420,421,Bigot,Margot,36
421,422,Voisin,Théodore,69
422,423,Guillon,Hélène,43
423,424,Leroy,Henri,15
424,425,Dijoux,Denise,31
425,426,Rolland,Isaac,38
426,427,Masse,Alain,83
427,428,Techer,Luce,74
428,429,Gaillard,Georges,26
429,430,Boyer,Frédérique,34
430,431,Perret,Margot,17
431,432,Nguyen,Frédéric,85
432,433,Collin,Raymond,5
433,434,Brunel,Thierry,33
434,435,Gillet,Paul,2
435,436,Cohen,Éléonore,100
436,437,Allain,Henriette,87
437,438,Garcia,Édith,31
438,439,Lemoine,Pierre,31
439,440,Thomas,Benjamin,19
440,441,Lemaître,Margot,82
441,442,Normand,Amélie,56
442,443,Becker,Amélie,69
443,444,Sauvage,Aimé,39
444,445,Grégoire,Aimé,40
445,446,Jourdan,Lucas,79
446,447,Mendès,Hugues,60
447,448,Antoine,Richard,26
448,449,Albert,Robert,68
449,450,Bouvet,Jacques,16
450,451,Daniel,Henri,11
451,452,Salmon,Laurence,93
452,453,Ramos,Raymond,56
453,454,Nguyen,Nath,73
454,455,Gérard,Simone,86
455,456,Perrin,Sébastien,4
456,457,Aubert,Alix,10
457,458,Benard,Agnès,73
458,459,Bonnin,Christelle,79
459,460,Gallet,Juliette,76
460,461,Dufour,Gabrielle,76
461,462,Girard,André,75
462,463,Mallet,Thérèse,47
463,464,Vaillant,Camille,61
464,465,Gautier,Adélaïde,52
465,466,Schneider,Jacqueline,61
466,467,Peltier,Dominique,58
467,468,Dijoux,Catherine,72
468,469,Joly,Antoinette,25
469,470,Leroy,Valentine,90
470,471,Boulanger,Grégoire,91
471,472,Lacroix,Claudine,59
472,473,Joseph,Aurore,31
473,474,Moreau,Élodie,61
474,475,Paris,Marcel,33
475,476,Charpentier,Roland,66
476,477,Barthelemy,Marthe,70
477,478,Schmitt,Corinne,16
478,479,Weiss,Célina,88
479,480,Rousset,Mathilde,52
480,481,Diaz,David,83
481,482,Jacquet,Zacharie,1
482,483,Mercier,Roland,3
483,484,Dupuis,Mathilde,48
484,485,Le Goff,Franck,51
485,486,Caron,Augustin,24
486,487,Voisin,Adèle,15
487,488,Blin,Margot,38
488,489,Bourdon,Brigitte,56
489,490,Martinez,Marcel,34
490,491,Perez,Josette,91
491,492,Pottier,Martin,80
492,493,Lemaire,Michelle,34
493,494,Guibert,Lucie,42
494,495,Meyer,Dorothée,73
495,496,Navarro,Arnaude,85
496,497,Rousset,Aimé,73
497,498,Colin,Margaux,85
498,499,Boulay,Susanne,55
499,500,Le Roux,Émile,91
500,501,Lebrun,Xavier,75
501,502,Briand,Alexandrie,38
502,503,Peltier,Brigitte,15
503,504,Leleu,David,84
504,505,Dijoux,Alexandria,82
505,506,Germain,Alice,57
506,507,Lenoir,Auguste,1
507,508,Bertrand,Christelle,36
508,509,Andre,Corinne,68
509,510,Clerc,Nicole,57
510,511,Lambert,Étienne,89
511,512,Bouchet,Stéphane,94
512,513,Grégoire,Margot,94
513,514,Mary,Hélène,32
514,515,Renaud,Eugène,97
515,516,Bigot,Jérôme,91
516,517,Delaunay,Auguste,91
517,518,Richard,Alain,78
518,519,Roux,Aurore,56
519,520,Lemaître,Rémy,79
520,521,Perez,Laurent,94
521,522,Cousin,Émilie,88
522,523,Renaud,Marianne,19
523,524,Faivre,Nathalie,54
524,525,Briand,Jérôme,100
525,526,Meunier,Émilie,14
526,527,Julien,Marthe,5
527,528,Olivier,Colette,95
528,529,Grégoire,Marie,10
529,530,Marin,Jacqueline,38
530,531,Chrétien,Anaïs,26
531,532,Barbier,Jacqueline,79
532,533,Paris,Roger,89
533,534,Chauvet,Frédérique,57
534,535,Hernandez,Martin,49
535,536,Martineau,Hortense,10
536,537,Ollivier,Louis,40
537,538,Giraud,Virginie,91
538,539,Petitjean,Guy,58
539,540,Masse,Laetitia,69
540,541,Delmas,Vincent,60
541,542,Guillou,Alphonse,3
542,543,Delorme,Manon,35
543,544,Techer,Isaac,83
544,545,Gauthier,Manon,67
545,546,Navarro,Anaïs,32
546,547,Boutin,Marianne,47
547,548,Muller,Maryse,82
548,549,Roger,Thérèse,63
549,550,Besson,Noël,32
550,551,Dumont,Thérèse,33
551,552,Rossi,Paulette,18
552,553,Ferreira,Capucine,100
553,554,Martin,Charlotte,29
554,555,Wagner,Bertrand,83
555,556,Jacques,Gérard,59
556,557,Dumont,Gilles,78
557,558,Raymond,Victor,45
558,559,Rémy,Maurice,87
559,560,Schneider,Christophe,24
560,561,Fernandez,Marcel,18
561,562,Hoarau,Élise,24
562,563,Descamps,Élodie,3
563,564,Hernandez,Geneviève,51
564,565,Boucher,Émilie,4
565,566,Turpin,Thibaut,41
566,567,Letellier,Théophile,85
567,568,Hamon,Benoît,95
568,569,Merle,Sylvie,60
569,570,Menard,Dorothée,69
570,571,Jacques,Éric,40
571,572,Perrin,Adrienne,22
572,573,Millet,Élodie,95
573,574,Bourgeois,Suzanne,91
574,575,Gomez,Grégoire,5
575,576,Duval,Jacques,51
576,577,Maillet,Isabelle,11
577,578,Blot,William,83
578,579,Mary,Charlotte,62
579,580,Gaillard,Alain,99
580,581,Paul,Pauline,86
581,582,Collet,Françoise,65
582,583,Lenoir,Bernadette,31
583,584,Denis,Sabine,22
584,585,Boucher,Hélène,15
585,586,Maurice,Gabriel,77
586,587,Camus,Arnaude,78
587,588,Morin,Victor,21
588,589,Goncalves,Adrien,36
589,590,Pires,René,37
590,591,Gilles,Victoire,74
591,592,Lenoir,Zacharie,11
592,593,Barthelemy,Émilie,50
593,594,Allard,Maryse,64
594,595,Pages,Michèle,63
595,596,Gaudin,Constance,29
596,597,Blanchet,Adélaïde,27
597,598,Morel,Anne,43
598,599,Salmon,Raymond,76
599,600,Perrin,Dominique,27
600,601,Michaud,Bernadette,62
601,602,Fouquet,Aimée,98
602,603,Lopes,Laurence,47
603,604,Rocher,Lucie,79
604,605,Maurice,Yves,22
605,606,Samson,Josette,92
606,607,Berger,Marie,57
607,608,Ollivier,Auguste,88
608,609,Philippe,Anaïs,33
609,610,Leduc,Richard,57
610,611,Joly,Pierre,87
611,612,Bernier,Thérèse,30
612,613,Pons,Chantal,48
613,614,Hamon,Luc,65
614,615,Gimenez,Chantal,40
615,616,Chauvet,Émilie,77
616,617,Blot,Timothée,33
617,618,Maurice,Margaud,67
618,619,Lucas,François,32
619,620,Mary,Cécile,51
620,621,Germain,Agathe,84
621,622,Lagarde,Pénélope,12
622,623,Peltier,Rémy,13
623,624,Nguyen,David,74
624,625,Collet,Pénélope,85
625,626,Traore,Stéphanie,29
626,627,Roy,Agathe,74
627,628,Alves,Isabelle,79
628,629,Rivière,Camille,90
629,630,Chevallier,Nicole,38
630,631,Bourgeois,Alexandria,23
631,632,Moreau,Susanne,15
632,633,Allard,Mathilde,46
633,634,Jourdan,Renée,84
634,635,Collin,Marc,3
635,636,Dufour,Élisabeth,15
636,637,Cousin,Brigitte,58
637,638,Launay,Augustin,63
638,639,Nguyen,Margot,87
639,640,Loiseau,Alexandre,100
640,641,Collin,Philippe,84
641,642,Da Costa,Margaux,7
642,643,Pinto,Olivie,28
643,644,Faivre,Isaac,100
644,645,Pruvost,Xavier,29
645,646,Maury,Henriette,72
646,647,Schmitt,Isabelle,8
647,648,Raynaud,Hortense,5
648,649,Mace,Frédérique,32
649,650,Perez,Noémi,64
650,651,Clerc,Lucy,10
651,652,Renault,Stéphane,87
652,653,Le Roux,Alphonse,40
653,654,Marie,Timothée,43
654,655,Lenoir,Marthe,79
655,656,Maréchal,Élisabeth,41
656,657,Bourgeois,Corinne,98
657,658,Laine,Susanne,50
658,659,Roux,Alfred,41
659,660,Monnier,Adèle,62
660,661,Buisson,Anouk,99
661,662,Camus,Vincent,32
662,663,Raynaud,Honoré,18
663,664,Giraud,Stéphanie,21
664,665,Fleury,Gabrielle,94
665,666,Le Gall,Roger,18
666,667,Hervé,Emmanuel,60
667,668,Brun,Zacharie,37
668,669,Hardy,Céline,74
669,670,Legros,Frédéric,78
670,671,Martin,Julien,52
671,672,Pinto,Victoire,30
672,673,Pierre,Anaïs,24
673,674,Hardy,Danielle,53
674,675,Morin,Léon,24
675,676,Hamon,Charles,89
676,677,Garcia,Benjamin,33
677,678,Dupont,Margot,17
678,679,Berger,Océane,15
679,680,Pages,Laetitia,73
680,681,De Oliveira,Aurélie,68
681,682,Neveu,Lucas,54
682,683,Perrier,Josette,24
683,684,Pereira,Christelle,85
684,685,Klein,Martin,59
685,686,Pruvost,Marthe,26
686,687,Fabre,Adrien,85
687,688,Colin,Brigitte,38
688,689,Legendre,Frédérique,17
689,690,Guillon,Timothée,37
690,691,Descamps,Stéphane,85
691,692,Bailly,Lucie,96
692,693,Ribeiro,Audrey,70
693,694,Maillard,Victor,52
694,695,Morvan,Dorothée,42
695,696,Munoz,Julien,28
696,697,Dufour,Marine,86
697,698,Perrier,William,93
698,699,Bouchet,Noémi,79
699,700,Chevallier,Thierry,39
700,701,Thomas,Corinne,81
701,702,Grenier,Andrée,51
702,703,Michel,Caroline,60
703,704,Alves,Philippe,65
704,705,Gérard,Monique,90
705,706,Perret,Laurent,87
706,707,Lecoq,Michèle,40
707,708,Duhamel,Christiane,8
708,709,Baron,Gilbert,92
709,710,Lucas,Olivie,70
710,711,Maurice,Émile,41
711,712,Renault,Lorraine,92
712,713,Pelletier,René,80
713,714,Vaillant,Charles,58
714,715,Prévost,Henri,86
715,716,Coste,Sylvie,27
716,717,Vidal,Jérôme,79
717,718,Sanchez,Hugues,20
718,719,Olivier,Adèle,57
719,720,Auger,Anouk,80
720,721,Bourgeois,Denise,31
721,722,Bonnet,Margot,65
722,723,Mallet,Alphonse,96
723,724,Costa,Michelle,63
724,725,Hoarau,Noël,17
725,726,Gautier,Joséphine,86
726,727,Étienne,Charles,22
727,728,Roux,Charlotte,22
728,729,Henry,Patricia,32
729,730,Foucher,Emmanuel,59
730,731,Dupré,Théodore,26
731,732,Evrard,Tristan,12
732,733,Jacquet,Rémy,89
733,734,Perez,Thomas,90
734,735,Delahaye,Aurore,60
735,736,Deschamps,Martine,85
736,737,Lemoine,Alix,13
737,738,Petit,Lorraine,29
738,739,Gillet,Martine,51
739,740,Lebon,Alfred,60
740,741,Alexandre,Dorothée,33
741,742,Thierry,Sophie,36
742,743,Lebon,Lucy,14
743,744,Valette,Marianne,7
744,745,Pereira,Anne,34
745,746,Hamon,Charles,36
746,747,Vallée,Laetitia,82
747,748,Lemaître,Édouard,77
748,749,Hamon,Auguste,27
749,750,Carre,Maryse,68
750,751,Ribeiro,Gabriel,100
751,752,Charpentier,Stéphane,78
752,753,Guillon,Louis,37
753,754,Goncalves,Sabine,15
754,755,Dupont,Rémy,79
755,756,Carre,Éléonore,42
756,757,Vincent,Maryse,49
757,758,Morin,Océane,46
758,759,Legros,André,57
759,760,Raynaud,Marianne,88
760,761,Hardy,Agathe,38
761,762,Coste,William,60
762,763,Toussaint,Marianne,28
763,764,Pierre,Astrid,17
764,765,Clerc,Élisabeth,85
765,766,Coste,Léon,74
766,767,Meyer,Stéphanie,3
767,768,Gallet,Nicolas,76
768,769,Charpentier,Yves,78
769,770,Martins,Georges,9
770,771,Roussel,Philippe,14
771,772,Hernandez,Caroline,57
772,773,Simon,Josette,61
773,774,Lebreton,Hugues,98
774,775,Deschamps,Noémi,57
775,776,Berger,Claude,36
776,777,Lacombe,Astrid,67
777,778,Carlier,Audrey,35
778,779,Allain,Adrienne,40
779,780,Grondin,Jean,31
780,781,Rousset,Agathe,6
781,782,Morvan,Victor,14
782,783,Morel,Virginie,58
783,784,Bousquet,Simone,40
784,785,Teixeira,Luce,1
785,786,Coulon,Timothée,42
786,787,Martins,Roger,86
787,788,Loiseau,Grégoire,2
788,789,Caron,Christophe,98
789,790,Bailly,Jérôme,40
790,791,Imbert,David,85
791,792,Bousquet,Alexandre,93
792,793,Hamel,Auguste,52
793,794,Berthelot,Michelle,7
794,795,Gauthier,Thomas,84
795,796,Maillet,Thibaut,25
796,797,Bousquet,Claude,84
797,798,Roussel,Louis,44
798,799,Bourdon,Nathalie,21
799,800,Gillet,Marcel,14
800,801,Caron,Célina,57
801,802,Thomas,Jeanne,46
802,803,Nicolas,Jeannine,46
803,804,Mercier,Stéphane,28
804,805,Giraud,Charlotte,98
805,806,Delmas,Stéphanie,22
806,807,Vasseur,Margot,33
807,808,Baudry,Valentine,64
808,809,Maury,Jérôme,6
809,810,Ramos,Corinne,57
810,811,Fournier,Anastasie,93
811,812,Deschamps,Marcelle,58
812,813,Jacob,Benjamin,59
813,814,Garcia,Pauline,85
814,815,Peltier,Dorothée,69
815,816,Marie,Roland,2
816,817,Langlois,Colette,82
817,818,Allain,Éric,10
818,819,Peron,Astrid,89
819,820,Loiseau,Nath,75
820,821,Roy,Brigitte,13
821,822,Allain,Danielle,78
822,823,Maury,Éléonore,5
823,824,Roux,Agnès,60
824,825,Garnier,Adélaïde,49
825,826,Loiseau,Lucie,61
826,827,Boutin,Étienne,90
827,828,Thomas,William,1
828,829,Roche,Roger,100
829,830,Le Roux,Martine,41
830,831,Ramos,Emmanuelle,89
831,832,Texier,Françoise,39
832,833,Wagner,Denis,90
833,834,Chauvin,Gabrielle,99
834,835,Laurent,Daniel,33
835,836,Martinez,Roland,73
836,837,Gay,Susan,53
837,838,Costa,Michelle,73
838,839,Blanchard,Claire,31
839,840,Chrétien,Laure,26
840,841,Lefebvre,Franck,25
841,842,Vallet,Guy,15
842,843,Hamel,Claire,48
843,844,Renard,Yves,50
844,845,Joubert,Susan,93
845,846,Godard,Cécile,6
846,847,Philippe,Augustin,69
847,848,Delmas,Augustin,32
848,849,Verdier,Alfred,89
849,850,Philippe,Stéphane,74
850,851,Voisin,Colette,50
851,852,Georges,Geneviève,22
852,853,Fernandez,Jacqueline,92
853,854,Leduc,Margaud,68
854,855,Da Silva,Élisabeth,23
855,856,Chauvet,Noël,54
856,857,Navarro,Margaud,64
857,858,Besson,Franck,71
858,859,Launay,Alex,79
859,860,Duval,Joseph,90
860,861,Pelletier,Nicole,60
861,862,Colas,Georges,26
862,863,Louis,Éléonore,89
863,864,Blanchet,Alexandrie,71
864,865,Laurent,Hélène,77
865,866,Le Gall,Nicole,2
866,867,Pages,Bernadette,57
867,868,Lebrun,Luce,41
868,869,Lagarde,Christophe,73
869,870,Laurent,Alexandre,89
870,871,Dupré,Odette,49
871,872,Roche,Alex,8
872,873,Camus,Nathalie,93
873,874,Lemaire,Lucas,9
874,875,Laurent,Paulette,89
875,876,François,Brigitte,59
876,877,Labbé,Guillaume,58
877,878,Maillet,Marc,67
878,879,Dubois,Audrey,67
879,880,Collin,Valérie,23
880,881,Bouchet,Jacqueline,30
881,882,Georges,Valérie,55
882,883,Muller,Bertrand,66
883,884,David,Lucie,64
884,885,Traore,Christophe,70
885,886,Dufour,Marcelle,49
886,887,Cousin,Julien,17
887,888,Loiseau,Joséphine,19
888,889,Pierre,Céline,2
889,890,Dumont,Marcel,98
890,891,Lefort,Marine,44
891,892,Renault,Renée,20
892,893,Morvan,Hugues,9
893,894,Carlier,Aurore,5
894,895,De Sousa,Inès,65
895,896,Torres,Zacharie,53
896,897,Denis,Henriette,27
897,898,Mathieu,Maggie,55
898,899,Ollivier,Josette,48
899,900,Pereira,Gabriel,48
900,901,Ruiz,Xavier,14
901,902,Lemaire,Sébastien,78
902,903,Seguin,Diane,16
903,904,Blondel,Sophie,40
904,905,Evrard,François,39
905,906,Lemoine,Victoire,81
906,907,Dumont,Audrey,67
907,908,Moreno,Nicole,25
908,909,Marques,Margaux,10
909,910,Lopes,Alain,61
910,911,Klein,Denise,47
911,912,Martel,Dominique,94
912,913,Léger,Audrey,94
913,914,Dupuis,Frédérique,62
914,915,Humbert,Léon,54
915,916,Muller,Zoé,86
916,917,Laporte,Louis,27
917,918,Sauvage,Tristan,51
918,919,Leclerc,Constance,62
919,920,Leclerc,René,88
920,921,Dupré,Gilbert,16
921,922,Torres,Jules,65
922,923,Le Roux,Chantal,18
923,924,Duval,Éléonore,17
924,925,Lelièvre,Daniel,43
925,926,Hervé,Eugène,4
926,927,Bègue,Gérard,25
927,928,Blanc,Dorothée,91
928,929,Lamy,Nathalie,100
929,930,Lejeune,Maryse,10
930,931,Lenoir,Aurélie,59
931,932,Leclercq,Patrick,74
932,933,Langlois,Benjamin,39
933,934,Gilles,Margot,90
934,935,Didier,Élisabeth,15
935,936,Bousquet,Alexandrie,95
936,937,Gaillard,Roger,44
937,938,Duval,Laetitia,91
938,939,Monnier,Laurence,30
939,940,Leblanc,Guy,80
940,941,Charpentier,Laurence,34
941,942,Bouvet,Édith,70
942,943,Gilbert,Tristan,67
943,944,Pinto,Thérèse,95
944,945,Guichard,Marianne,81
945,946,Lemaître,Benjamin,96
946,947,Rousset,Éléonore,14
947,948,Guillot,Daniel,69
948,949,Guillou,Noémi,85
949,950,Guichard,Jules,82
950,951,Paris,Diane,11
951,952,Coste,Paul,21
952,953,Guibert,Alain,78
953,954,Moulin,Simone,7
954,955,Bertin,Martine,10
955,956,Rousset,Audrey,83
956,957,Dufour,Noël,93
957,958,Marques,Théophile,43
958,959,Besnard,Matthieu,67
959,960,Petit,Christophe,79
960,961,Hoareau,Luc,18
961,962,Robin,Éléonore,65
962,963,Lemaire,Marc,65
963,964,Collin,André,15
964,965,Leleu,Éléonore,7
965,966,Garnier,Timothée,82
966,967,Leroy,Caroline,13
967,968,Marin,Suzanne,17
968,969,Prévost,Maggie,100
969,970,Boucher,Simone,91
970,971,Hardy,Marthe,42
971,972,Pierre,Mathilde,16
972,973,Bernard,Paulette,41
973,974,Da Silva,Paulette,27
974,975,Barbier,Suzanne,83
975,976,François,Joséphine,24
976,977,Lemoine,Noël,88
977,978,Pons,Adélaïde,33
978,979,Fernandez,Julie,57
979,980,Poulain,Patricia,69
980,981,Georges,Claire,98
981,982,Hubert,Brigitte,28
982,983,Martin,Alice,41
983,984,Legendre,Claude,70
984,985,Coulon,Nathalie,33
985,986,Laine,Victor,41
986,987,Evrard,Patrick,36
987,988,Coste,Paulette,34
988,989,Millet,Nathalie,67
989,990,Mary,Olivie,45
990,991,Joly,Louis,55
991,992,Pinto,Simone,100
992,993,Legendre,Georges,5
993,994,Letellier,Colette,20
994,995,Aubry,Constance,62
995,996,Meunier,Clémence,74
996,997,Gilles,Danielle,79
997,998,Leblanc,Christophe,12
998,999,Rossi,Thierry,59
999,1000,Merle,Aimé,76
1000,1001,Delannoy,Zacharie,3
1001,1002,Boucher,David,63
1002,1003,Grégoire,Louis,70
1003,1004,Perrin,Hugues,20
1004,1005,Seguin,Émile,40
1005,1006,Bernard,Martine,17
1006,1007,Mendès,Sylvie,93
1007,1008,Rémy,Gilles,72
1008,1009,Carre,Inès,6
1009,1010,Thierry,Adrienne,98
1010,1011,Torres,Célina,48
1011,1012,Lambert,Gilbert,90
1012,1013,Coste,Colette,23
1013,1014,Bouvet,Guy,47
1014,1015,Guichard,Théophile,43
1015,1016,Leblanc,Madeleine,29
1016,1017,Petitjean,Jacqueline,73
1017,1018,Prévost,Margot,43
1018,1019,Gros,Élisabeth,20
1019,1020,Alexandre,Christelle,67
1020,1021,Collet,Madeleine,11
1021,1022,Julien,Patricia,33
1022,1023,Martins,Nicole,53
1023,1024,Mathieu,Christine,42
1024,1025,Brunet,Roger,85
1025,1026,Morvan,Éléonore,35
1026,1027,Camus,Pénélope,62
1027,1028,Allard,Madeleine,38
1028,1029,Charles,Grégoire,70
1029,1030,Collet,Véronique,57
1030,1031,Payet,Julie,85
1031,1032,Joubert,Manon,30
1032,1033,Royer,Grégoire,15
1033,1034,Lefort,Laure,9
1034,1035,Bègue,Anne,21
1035,1036,Bertin,Émilie,59
1036,1037,Reynaud,Pauline,74
1037,1038,Blanc,Luce,85
1038,1039,Rousseau,Laetitia,100
1039,1040,Dijoux,Laurence,7
1040,1041,Potier,Marc,77
1041,1042,Lopes,Susanne,73
1042,1043,Brunel,Martin,91
1043,1044,Menard,Julien,79
1044,1045,Dubois,Caroline,28
1045,1046,Hamel,Marianne,92
1046,1047,Marion,Chantal,48
1047,1048,Lemoine,Valentine,16
1048,1049,Pinto,Luc,86
1049,1050,Laroche,Michelle,4
1050,1051,Bertin,Anaïs,46
1051,1052,Mahe,Marguerite,66
1052,1053,Duval,Arnaude,29
1053,1054,Barbe,Émilie,92
1054,1055,Martel,Georges,1
1055,1056,Mahe,André,92
1056,1057,Lemonnier,Charles,18
1057,1058,Rolland,Louis,1
1058,1059,Laurent,Frédérique,69
1059,1060,Techer,Gilles,6
1060,1061,Texier,Augustin,76
1061,1062,Le Gall,Constance,69
1062,1063,Boulay,Christophe,45
1063,1064,Hoareau,Théodore,34
1064,1065,Chauvet,Marine,58
1065,1066,Michel,Christophe,76
1066,1067,Toussaint,René,16
1067,1068,Wagner,Richard,42
1068,1069,Dumas,Amélie,28
1069,1070,Boucher,Gabrielle,88
1070,1071,Munoz,Margot,48
1071,1072,Normand,Frédérique,61
1072,1073,Da Silva,Édouard,69
1073,1074,Clerc,Victor,97
1074,1075,Bousquet,Léon,5
1075,1076,Fernandes,Arthur,38
1076,1077,Gaillard,Gabriel,11
1077,1078,Benoit,Vincent,30
1078,1079,Menard,Chantal,36
1079,1080,Bègue,Marine,23
1080,1081,Navarro,Martin,69
1081,1082,Barthelemy,Emmanuel,47
1082,1083,Duval,Valérie,80
1083,1084,Ferrand,Sabine,42
1084,1085,Pons,Claude,15
1085,1086,Coste,Jeanne,42
1086,1087,Bouvet,Isaac,59
1087,1088,Navarro,Alexandria,43
1088,1089,Carre,Nathalie,5
1089,1090,Giraud,Cécile,68
1090,1091,Labbé,Joseph,80
1091,1092,Grégoire,Lucy,41
1092,1093,De Sousa,Nicole,22
1093,1094,Langlois,Corinne,14
1094,1095,Gillet,Franck,48
1095,1096,Marie,Gabrielle,61
1096,1097,Meunier,Nicole,93
1097,1098,Maillard,Gabriel,19
1098,1099,Gillet,Danielle,10
1099,1100,Guillon,Catherine,10
1100,1101,Fleury,Léon,91
1101,1102,Muller,Patricia,81
1102,1103,Gilles,Colette,27
1103,1104,Lefebvre,Alphonse,7
1104,1105,Bazin,Christophe,83
1105,1106,Huet,Margaud,20
1106,1107,Lopes,Laurent,65
1107,1108,Rossi,Richard,22
1108,1109,Bertin,Laurence,93
1109,1110,Lopez,Guy,78
1110,1111,Thierry,Frédéric,95
1111,1112,Delattre,Océane,34
1112,1113,Garnier,Lucas,11
1113,1114,Charpentier,Paulette,76
1114,1115,Marie,Zacharie,90
1115,1116,Blanchet,Zoé,46
1116,1117,Guillot,Raymond,15
1117,1118,Diallo,Geneviève,11
1118,1119,Le Gall,Alex,52
1119,1120,Bouvier,Guy,63
1120,1121,Pages,Geneviève,26
1121,1122,Torres,Capucine,75
1122,1123,Hamel,Philippe,81
1123,1124,Bruneau,Adélaïde,95
1124,1125,Salmon,Gabriel,28
1125,1126,Berthelot,Josette,60
1126,1127,Bousquet,Océane,56
1127,1128,Andre,Margaux,28
1128,1129,Bourgeois,Théophile,94
1129,1130,Gosselin,Thomas,1
1130,1131,Guichard,Élisabeth,9
1131,1132,Perrier,Sophie,49
1132,1133,Lamy,Lorraine,91
1133,1134,Paris,Claude,98
1134,1135,Perrin,Thierry,84
1135,1136,Boucher,Daniel,7
1136,1137,Louis,Thibaut,7
1137,1138,Fleury,Céline,51
1138,1139,Diallo,Nathalie,97
1139,1140,Loiseau,Simone,51
1140,1141,Hoareau,Dorothée,11
1141,1142,Morel,Sophie,39
1142,1143,Roger,Caroline,48
1143,1144,Vidal,Emmanuelle,14
1144,1145,Lacombe,Aimée,37
1145,1146,Paul,Anouk,11
1146,1147,Cousin,Augustin,71
1147,1148,Turpin,Benjamin,64
1148,1149,Guillaume,Guy,75
1149,1150,Lebreton,Catherine,62
1150,1151,Maillot,Laetitia,15
1151,1152,Bernard,Roland,68
1152,1153,Hardy,Victoire,75
1153,1154,Brunel,Henri,38
1154,1155,Weiss,Adrienne,12
1155,1156,Lopes,Hugues,35
1156,1157,Lopez,Alice,40
1157,1158,Bodin,Céline,27
1158,1159,Charpentier,Océane,6
1159,1160,Moulin,Brigitte,90
1160,1161,Fernandes,Gérard,39
1161,1162,Texier,Corinne,56
1162,1163,Vasseur,Camille,31
1163,1164,Royer,Brigitte,17
1164,1165,Petit,Suzanne,99
1165,1166,Guillet,Étienne,20
1166,1167,Bodin,Marianne,88
1167,1168,Blanchet,Josette,57
1168,1169,Menard,Michel,16
1169,1170,Pages,Michel,23
1170,1171,Mallet,Alex,3
1171,1172,Pichon,Paul,31
1172,1173,Weiss,Suzanne,63
1173,1174,Lopes,Julien,30
1174,1175,Maillot,Marguerite,90
1175,1176,Marques,Zacharie,72
1176,1177,Lenoir,Nathalie,68
1177,1178,Bègue,Corinne,51
1178,1179,Dupré,Matthieu,49
1179,1180,Gallet,Inès,43
1180,1181,Giraud,Michèle,6
1181,1182,Millet,Charlotte,88
1182,1183,Reynaud,Charles,88
1183,1184,Rousseau,Thomas,19
1184,1185,Raymond,Margot,53
1185,1186,Marques,Claudine,77
1186,1187,Perrier,Renée,53
1187,1188,Meyer,Olivie,21
1188,1189,Rémy,André,58
1189,1190,Blin,Arthur,19
1190,1191,Marie,Charlotte,41
1191,1192,Meunier,Gilles,57
1192,1193,Lemaire,Renée,66
1193,1194,Navarro,Nicolas,32
1194,1195,Renard,Caroline,61
1195,1196,Mercier,Marcelle,14
1196,1197,Étienne,Marine,65
1197,1198,Lenoir,Diane,82
1198,1199,Georges,Nath,18
1199,1200,Guichard,Suzanne,100
1200,1201,Verdier,Hélène,8
1201,1202,Faivre,Margaret,50
1202,1203,Louis,Françoise,100
1203,1204,Lévy,Clémence,51
1204,1205,Gomes,Lorraine,33
1205,1206,Fleury,Laurence,86
1206,1207,Potier,Honoré,72
1207,1208,Gauthier,François,95
1208,1209,Gomez,Frédéric,50
1209,1210,Evrard,Gilbert,6
1210,1211,Traore,Hugues,50
1211,1212,Meyer,Léon,97
1212,1213,Jacquet,Marianne,58
1213,1214,Fernandez,Jacqueline,41
1214,1215,Ledoux,Éric,5
1215,1216,Michel,Corinne,78
1216,1217,Pires,Capucine,27
1217,1218,Pons,Bernard,27
1218,1219,Camus,Margaret,44
1219,1220,Mendès,Théophile,38
1220,1221,Boucher,Gilbert,20
1221,1222,Leroy,Thierry,74
1222,1223,Delorme,Laurence,29
1223,1224,Teixeira,Aimé,52
1224,1225,Lesage,Christiane,89
1225,1226,Léger,Aimé,78
1226,1227,Colas,Victor,25
1227,1228,Bouvet,Nicole,91
1228,1229,Muller,Mathilde,81
1229,1230,Seguin,Catherine,4
1230,1231,Perrier,Jules,68
1231,1232,Barbe,Laurence,64
1232,1233,Weber,Benjamin,54
1233,1234,Raymond,Thierry,85
1234,1235,Huet,Lucy,44
1235,1236,Huet,Pauline,77
1236,1237,Rocher,Jacques,7
1237,1238,Devaux,Alexandre,87
1238,1239,Gallet,Laetitia,92
1239,1240,Thibault,Susan,85
1240,1241,Bodin,Louise,83
1241,1242,Martinez,Tristan,26
1242,1243,Pascal,Susanne,8
1243,1244,Guichard,Aimé,75
1244,1245,François,Thibault,28
1245,1246,Thibault,Théophile,22
1246,1247,Brunel,André,57
1247,1248,Bourgeois,Frédéric,13
1248,1249,Rey,Margaret,42
1249,1250,Chevalier,Marie,14
1250,1251,Rocher,Suzanne,33
1251,1252,Allain,Véronique,53
1252,1253,Dubois,Manon,60
1253,1254,Faure,Laurent,49
1254,1255,Lebon,Marie,91
1255,1256,Guyon,Gérard,42
1256,1257,Grenier,Bernard,56
1257,1258,Moulin,Margaud,24
1258,1259,Tessier,Alphonse,60
1259,1260,Weber,Suzanne,19
1260,1261,Hebert,Dorothée,69
1261,1262,Couturier,Victor,96
1262,1263,Mendès,Aimé,99
1263,1264,Dupont,Robert,90
1264,1265,Gonzalez,Marguerite,56
1265,1266,Noël,Nicole,87
1266,1267,Lemaître,Patricia,34
1267,1268,Brun,Zoé,31
1268,1269,Lecomte,Anne,17
1269,1270,Jacob,Robert,95
1270,1271,Delorme,Philippine,2
1271,1272,Paris,Charlotte,7
1272,1273,Faure,Patricia,24
1273,1274,Maurice,Auguste,83
1274,1275,Jourdan,Martin,76
1275,1276,Petit,Margaud,72
1276,1277,Loiseau,Marguerite,92
1277,1278,Muller,Marie,66
1278,1279,Jacques,Antoine,12
1279,1280,Girard,Benjamin,86
1280,1281,Delaunay,Daniel,57
1281,1282,Roy,Adèle,44
1282,1283,Rodrigues,Adrienne,16
1283,1284,Brun,Philippine,27
1284,1285,Merle,Joséphine,23
1285,1286,Klein,Célina,59
1286,1287,Charpentier,Olivier,68
1287,1288,Poirier,Brigitte,16
1288,1289,Morin,Élise,32
1289,1290,Evrard,Margaux,11
1290,1291,Dupuis,Léon,83
1291,1292,Lévy,Roland,94
1292,1293,Renaud,Andrée,59
1293,1294,Petitjean,Clémence,28
1294,1295,Sanchez,Marthe,50
1295,1296,Allard,Danielle,35
1296,1297,Carpentier,Antoinette,27
1297,1298,Chevallier,Martine,61
1298,1299,De Oliveira,Denis,64
1299,1300,Blanchet,Michèle,87
1300,1301,Richard,Mathilde,77
1301,1302,Lucas,Jeannine,77
1302,1303,Lopez,Valentine,58
1303,1304,Riou,André,38
1304,1305,Leclerc,Joseph,88
1305,1306,Lemaître,Nicole,25
1306,1307,Goncalves,Capucine,34
1307,1308,Imbert,Alice,30
1308,1309,Laroche,André,75
1309,1310,Robin,Nath,55
1310,1311,Maillard,Thomas,73
1311,1312,Dumas,Maryse,71
1312,1313,Pons,Maryse,9
1313,1314,Rossi,Victoire,76
1314,1315,Rémy,Juliette,63
1315,1316,Camus,Dominique,95
1316,1317,Sauvage,David,69
1317,1318,Leclercq,Eugène,7
1318,1319,Da Costa,Victor,22
1319,1320,Jacques,Caroline,44
1320,1321,Mercier,Timothée,1
1321,1322,Nicolas,Jeannine,26
1322,1323,Pires,Corinne,80
1323,1324,Chrétien,Théodore,21
1324,1325,Bouchet,Camille,81
1325,1326,Rolland,Sylvie,77
1326,1327,Chauvet,Joseph,17
1327,1328,Masse,Louise,45
1328,1329,Lefèvre,Christophe,60
1329,1330,Fournier,Stéphane,33
1330,1331,Charpentier,Mathilde,32
1331,1332,Dos Santos,Alexandrie,12
1332,1333,Rolland,Camille,75
1333,1334,Mary,Patricia,79
1334,1335,Guibert,Éléonore,66
1335,1336,Pottier,Édouard,36
1336,1337,Henry,Paul,87
1337,1338,Delorme,Alice,96
1338,1339,Lefèvre,Marc,8
1339,1340,Pages,Philippe,90
1340,1341,Brun,Marc,48
1341,1342,Reynaud,Dominique,99
1342,1343,Garcia,Roger,70
1343,1344,Lopes,Théodore,98
1344,1345,Thierry,Édouard,7
1345,1346,Riou,Adrien,44
1346,1347,Raymond,Claude,74
1347,1348,Legros,William,74
1348,1349,Carpentier,Agathe,14
1349,1350,Menard,Alex,71
1350,1351,Masson,Nathalie,3
1351,1352,Schneider,Adrien,69
1352,1353,Marchand,Alfred,40
1353,1354,Gosselin,Mathilde,70
1354,1355,Vallée,Robert,68
1355,1356,Maréchal,Margaux,20
1356,1357,Torres,Adrien,38
1357,1358,Barre,Augustin,81
1358,1359,Morvan,Christelle,35
1359,1360,Cousin,Gérard,28
1360,1361,Muller,Frédéric,67
1361,1362,Baron,Émilie,56
1362,1363,Prévost,Jeanne,37
1363,1364,Paul,Sébastien,53
1364,1365,Dupont,Noémi,24
1365,1366,Duval,Christophe,83
1366,1367,Rossi,Émile,30
1367,1368,Boyer,Émile,6
1368,1369,Lamy,Marguerite,81
1369,1370,Lelièvre,Nath,68
1370,1371,Thibault,Marie,94
1371,1372,Vincent,Bernard,57
1372,1373,Bertin,Alex,70
1373,1374,Bourgeois,Gabriel,58
1374,1375,Leconte,Nicole,29
1375,1376,Legros,Franck,43
1376,1377,Coste,Catherine,74
1377,1378,Teixeira,Suzanne,1
1378,1379,Lebrun,Adélaïde,14
1379,1380,Pruvost,Émilie,66
1380,1381,Jacob,Christiane,82
1381,1382,Loiseau,Xavier,5
1382,1383,Hervé,Jeannine,70
1383,1384,Legendre,Michel,85
1384,1385,Vidal,Diane,75
1385,1386,Cohen,Roger,71
1386,1387,Navarro,Charlotte,11
1387,1388,Lévêque,Chantal,40
1388,1389,Lebrun,Camille,17
1389,1390,Lagarde,Denis,30
1390,1391,Hardy,Roland,50
1391,1392,Jean,Aurore,41
1392,1393,Bertrand,Aurore,11
1393,1394,Maillard,Christophe,42
1394,1395,Dupont,Martin,83
1395,1396,Brunet,Jérôme,21
1396,1397,Briand,Anne,82
1397,1398,Guillou,Juliette,31
1398,1399,Bazin,Noémi,38
1399,1400,Nguyen,Amélie,85
1400,1401,Rousset,Isabelle,53
1401,1402,Weber,Bernadette,72
1402,1403,Leroy,Margot,81
1403,1404,Maillet,Bernard,32
1404,1405,Lemaître,Henriette,26
1405,1406,Mace,Véronique,18
1406,1407,Rodriguez,Alfred,72
1407,1408,Gomes,Tristan,87
1408,1409,Chauvet,Maryse,30
1409,1410,Pasquier,Georges,30
1410,1411,Becker,Michel,12
1411,1412,Dos Santos,Claudine,91
1412,1413,Gaillard,Yves,15
1413,1414,Didier,Gabriel,70
1414,1415,Millet,Noémi,98
1415,1416,Jacob,Susan,84
1416,1417,Godard,François,26
1417,1418,Raymond,David,100
1418,1419,Marin,Madeleine,61
1419,1420,Robin,Margot,45
1420,1421,Roger,Noël,31
1421,1422,Durand,Hugues,1
1422,1423,Maury,Alexandria,44
1423,1424,Bouvet,Étienne,40
1424,1425,Letellier,François,68
1425,1426,Hernandez,Arthur,39
1426,1427,Muller,Patrick,24
1427,1428,Hernandez,Olivier,69
1428,1429,Wagner,Stéphanie,93
1429,1430,Maury,Élodie,92
1430,1431,Morin,Agathe,94
1431,1432,Dias,Chantal,45
1432,1433,Mathieu,Anaïs,99
1433,1434,Maurice,Franck,36
1434,1435,Launay,Aurore,97
1435,1436,Boucher,Jeannine,12
1436,1437,Clément,Susanne,71
1437,1438,Jacques,Isabelle,84
1438,1439,Baudry,Paulette,30
1439,1440,Samson,Audrey,58
1440,1441,Chartier,Lucie,10
1441,1442,Vasseur,Marcel,78
1442,1443,Louis,Gérard,52
1443,1444,Letellier,Luce,56
1444,1445,Royer,Étienne,7
1445,1446,Lejeune,Jeanne,66
1446,1447,Labbé,Aurore,7
1447,1448,Étienne,Denis,18
1448,1449,Brunet,Arthur,50
1449,1450,Torres,Adélaïde,31
1450,1451,Bègue,Jules,84
1451,1452,Marie,Éléonore,93
1452,1453,Boutin,Philippe,67
1453,1454,Lacombe,Eugène,86
1454,1455,Renault,Manon,84
1455,1456,Lombard,Sébastien,53
1456,1457,Dupont,Benjamin,9
1457,1458,Blanc,Marianne,94
1458,1459,Leconte,Claude,60
1459,1460,Breton,Augustin,40
1460,1461,Raynaud,Denis,9
1461,1462,Pineau,Susan,56
1462,1463,Bertrand,Marc,38
1463,1464,Legendre,Thibaut,8
1464,1465,Louis,Hélène,38
1465,1466,Legendre,Noémi,18
1466,1467,Ramos,Alexandre,82
1467,1468,Thibault,Stéphane,91
1468,1469,Lefèvre,Étienne,18
1469,1470,Pruvost,Michèle,49
1470,1471,Raynaud,Roger,5
1471,1472,Parent,Yves,1
1472,1473,Chauvin,Raymond,26
1473,1474,Hamon,Agathe,86
1474,1475,Lecoq,Emmanuelle,31
1475,1476,Meyer,Thérèse,40
1476,1477,Dumas,Anaïs,16
1477,1478,Le Gall,Christelle,14
1478,1479,Toussaint,Denis,22
1479,1480,Chartier,Gabrielle,76
1480,1481,Étienne,Brigitte,5
1481,1482,Duhamel,Nath,70
1482,1483,Gauthier,Virginie,22
1483,1484,Michaud,Benoît,70
1484,1485,Mahe,Lucie,3
1485,1486,Coulon,Dorothée,79
1486,1487,Weber,Suzanne,29
1487,1488,Laurent,Juliette,28
1488,1489,Boutin,Théodore,86
1489,1490,Godard,Maryse,37
1490,1491,Moreno,Alexandria,46
1491,1492,Bègue,Georges,99
1492,1493,Roy,Nath,2
1493,1494,Normand,Claire,56
1494,1495,Ledoux,Georges,40
1495,1496,Monnier,Alain,82
1496,1497,Laroche,Denise,13
1497,1498,Colin,Adrien,52
1498,1499,Deschamps,Élodie,99
1499,1500,Moreno,Eugène,12
1500,1501,Paul,Nicolas,37
1501,1502,Torres,Marcel,51
1502,1503,David,Corinne,4
1503,1504,Le Goff,Eugène,58
1504,1505,Lopez,Odette,64
1505,1506,Ribeiro,Jacques,49
1506,1507,Traore,Franck,59
1507,1508,Marchal,Margot,42
1508,1509,Gay,Éléonore,9
1509,1510,Gonzalez,Henri,76
1510,1511,Faivre,Madeleine,25
1511,1512,Meunier,Noël,35
1512,1513,Blondel,Hugues,79
1513,1514,Martineau,Claire,11
1514,1515,Lesage,Antoine,56
1515,1516,Voisin,Alexandria,89
1516,1517,Baron,Guillaume,84
1517,1518,Boucher,Dorothée,79
1518,1519,Bodin,Alix,53
1519,1520,De Oliveira,Gabrielle,79
1520,1521,Ferrand,Valérie,28
1521,1522,Grégoire,Lucas,100
1522,1523,Faure,Sophie,99
1523,1524,Techer,Patricia,30
1524,1525,Huet,Juliette,42
1525,1526,Rossi,Nicole,25
1526,1527,Chauvin,Noémi,35
1527,1528,Gérard,François,96
1528,1529,Chauveau,Laurence,98
1529,1530,Bernard,Alix,62
1530,1531,Valentin,Robert,77
1531,1532,Lemoine,Joseph,24
1532,1533,Faure,Aimée,25
1533,1534,Guyon,Alix,4
1534,1535,Rey,Margot,5
1535,1536,Evrard,Aimé,41
1536,1537,Nguyen,Eugène,62
1537,1538,Jacob,Benjamin,18
1538,1539,Roger,Aurélie,81
1539,1540,Bègue,Jérôme,4
1540,1541,Gay,Paul,7
1541,1542,Gros,Danielle,54
1542,1543,Bouvier,William,54
1543,1544,Nicolas,Gilbert,25
1544,1545,Fournier,Thomas,83
1545,1546,Guichard,Geneviève,59
1546,1547,Royer,Jean,55
1547,1548,Hervé,Robert,46
1548,1549,Masse,William,27
1549,1550,Bernier,Alexandria,75
1550,1551,Le Gall,Luce,5
1551,1552,Roussel,René,64
1552,1553,Bernard,Claire,1
1553,1554,Lesage,Roland,46
1554,1555,Descamps,Thibaut,35
1555,1556,Blot,Stéphane,46
1556,1557,Daniel,Anastasie,63
1557,1558,Morvan,Océane,36
1558,1559,Tessier,Julie,42
1559,1560,Bourgeois,Alain,41
1560,1561,Leblanc,Gabriel,64
1561,1562,Bruneau,Marcel,26
1562,1563,Perrin,Océane,86
1563,1564,Gautier,Gérard,35
1564,1565,Teixeira,Aurore,23
1565,1566,Roux,Chantal,71
1566,1567,Loiseau,Manon,78
1567,1568,Colas,Jules,23
1568,1569,Langlois,Laetitia,93
1569,1570,Dupont,Christine,56
1570,1571,Guillet,Maryse,29
1571,1572,Sanchez,Christelle,50
1572,1573,Daniel,Élise,72
1573,1574,Guyot,Édouard,65
1574,1575,Giraud,Sabine,44
1575,1576,Couturier,Christiane,91
1576,1577,Pruvost,Sébastien,37
1577,1578,Bernier,Virginie,89
1578,1579,Chrétien,Tristan,38
1579,1580,Lopez,Édith,32
1580,1581,Delattre,Amélie,38
1581,1582,Letellier,Vincent,68
1582,1583,Turpin,Élisabeth,77
1583,1584,Chauvin,Michel,9
1584,1585,Ramos,Augustin,92
1585,1586,Lucas,Corinne,62
1586,1587,Muller,Grégoire,60
1587,1588,Launay,Pierre,71
1588,1589,Gay,Timothée,75
1589,1590,Garcia,Astrid,36
1590,1591,Ollivier,Luce,45
1591,1592,Andre,Anaïs,28
1592,1593,Devaux,Susanne,78
1593,1594,Diaz,Gilles,12
1594,1595,Guérin,Aurélie,85
1595,1596,Munoz,Gilbert,40
1596,1597,Maurice,Lorraine,75
1597,1598,Klein,Madeleine,20
1598,1599,Ruiz,Danielle,13
1599,1600,Boutin,Océane,10
1600,1601,Dupuy,Frédéric,89
1601,1602,Carpentier,Chantal,19
1602,1603,Lebrun,Hélène,79
1603,1604,Descamps,Olivie,74
1604,1605,Bruneau,Brigitte,5
1605,1606,Delannoy,Olivier,36
1606,1607,Mercier,Zoé,86
1607,1608,Boucher,Nicolas,99
1608,1609,Denis,Théophile,82
1609,1610,Louis,Laetitia,46
1610,1611,Gillet,Thibaut,84
1611,1612,Étienne,Élisabeth,42
1612,1613,Benoit,Hortense,56
1613,1614,Petitjean,Michèle,27
1614,1615,Lemonnier,Agathe,80
1615,1616,Legros,Michelle,20
1616,1617,Cordier,Anne,11
1617,1618,Traore,Arthur,39
1618,1619,Noël,Roland,21
1619,1620,Hardy,Geneviève,80
1620,1621,Clément,Émile,14
1621,1622,Guillou,Maurice,87
1622,1623,Lemoine,Stéphanie,6
1623,1624,Maillet,Thierry,85
1624,1625,Rolland,Honoré,71
1625,1626,Lenoir,Laurent,16
1626,1627,Guillot,Caroline,55
1627,1628,Delattre,William,95
1628,1629,Le Gall,Anastasie,51
1629,1630,De Oliveira,Michèle,51
1630,1631,Caron,Christiane,37
1631,1632,Buisson,Honoré,92
1632,1633,Andre,Agnès,37
1633,1634,Pottier,Zacharie,99
1634,1635,Ramos,Margaux,25
1635,1636,Leroux,Luc,49
1636,1637,Germain,Paulette,55
1637,1638,Teixeira,François,29
1638,1639,Richard,Thierry,36
1639,1640,Monnier,Monique,6
1640,1641,Costa,François,72
1641,1642,Dijoux,Anne,23
1642,1643,Pires,Grégoire,8
1643,1644,Lefèvre,Virginie,81
1644,1645,Morel,Anouk,32
1645,1646,Leduc,Édith,49
1646,1647,Guillot,Adrienne,64
1647,1648,Cousin,Emmanuelle,65
1648,1649,Da Costa,Virginie,24
1649,1650,Gosselin,Laure,64
1650,1651,Letellier,Sylvie,70
1651,1652,Joly,Antoine,76
1652,1653,Delahaye,Roland,43
1653,1654,Coste,Nicolas,48
1654,1655,Guyot,Astrid,27
1655,1656,Colin,Adrien,68
1656,1657,Mendès,Laetitia,20
1657,1658,Nicolas,Capucine,28
1658,1659,Bonnin,Pauline,37
1659,1660,Lefebvre,Michel,64
1660,1661,Gillet,Laure,33
1661,1662,Barbe,Monique,34
1662,1663,Roger,Stéphanie,90
1663,1664,François,Renée,95
1664,1665,Couturier,Margaud,8
1665,1666,Foucher,Bernard,51
1666,1667,Moreau,Jean,28
1667,1668,Lemoine,Gérard,88
1668,1669,Bailly,Émilie,3
1669,1670,Samson,Christine,25
1670,1671,Laurent,Anastasie,18
1671,1672,Marques,Philippe,13
1672,1673,Fontaine,Anaïs,86
1673,1674,Carpentier,Emmanuelle,20
1674,1675,Guichard,Frédérique,99
1675,1676,Maillot,Georges,54
1676,1677,Giraud,Tristan,95
1677,1678,Guilbert,Danielle,69
1678,1679,Rodriguez,Céline,28
1679,1680,Devaux,Jeannine,13
1680,1681,Lopez,Lucy,56
1681,1682,Jacquot,Laurent,50
1682,1683,Boutin,Luce,7
1683,1684,Rémy,Alfred,90
1684,1685,Lucas,Laurence,85
1685,1686,Deschamps,Noémi,41
1686,1687,Lamy,Arthur,9
1687,1688,Brun,Manon,21
1688,1689,Ollivier,Jeannine,41
1689,1690,Denis,Gérard,1
1690,1691,Maillard,André,3
1691,1692,Allain,Stéphane,57
1692,1693,Vaillant,Pauline,86
1693,1694,Hervé,Gilbert,59
1694,1695,Pons,Michelle,2
1695,1696,Delmas,Laure,31
1696,1697,Mary,Daniel,9
1697,1698,Bazin,Cécile,14
1698,1699,Gaillard,Aurélie,57
1699,1700,Grenier,Josette,26
1700,1701,Louis,Suzanne,13
1701,1702,Maurice,Jérôme,47
1702,1703,Léger,Éléonore,82
1703,1704,Blanchard,Julie,97
1704,1705,Olivier,Élodie,28
1705,1706,Charpentier,Astrid,36
1706,1707,Bailly,Stéphanie,9
1707,1708,Weiss,Élodie,20
1708,1709,Lambert,Élodie,60
1709,1710,Chauvet,Nathalie,53
1710,1711,Leconte,Danielle,80
1711,1712,Boyer,Thomas,40
1712,1713,Meyer,Édouard,34
1713,1714,Masson,William,12
1714,1715,Gomez,Emmanuel,61
1715,1716,Morel,Chantal,98
1716,1717,Besson,Vincent,6
1717,1718,Leduc,Gabrielle,35
1718,1719,Tessier,Constance,47
1719,1720,Pelletier,Margot,64
1720,1721,Mathieu,Eugène,87
1721,1722,Cordier,Virginie,40
1722,1723,Dupuy,Emmanuelle,78
1723,1724,Teixeira,Nathalie,17
1724,1725,Morin,Luc,61
1725,1726,Alves,Suzanne,93
1726,1727,Mace,Juliette,22
1727,1728,Jacquet,Bernadette,72
1728,1729,Da Costa,Gabriel,59
1729,1730,Picard,Élise,38
1730,1731,Raynaud,Bernard,70
1731,1732,Lefebvre,Timothée,16
1732,1733,Navarro,Sabine,72
1733,1734,De Oliveira,Paulette,67
1734,1735,Riou,Monique,21
1735,1736,Collet,Jacques,59
1736,1737,Olivier,Nath,96
1737,1738,Lefèvre,Geneviève,23
1738,1739,Hebert,Charlotte,17
1739,1740,Bourdon,Virginie,10
1740,1741,Ramos,Philippine,67
1741,1742,Lemaître,Pénélope,86
1742,1743,Parent,Lucas,6
1743,1744,Traore,Éric,1
1744,1745,Charpentier,Marianne,77
1745,1746,Maréchal,Madeleine,82
1746,1747,Moulin,Constance,6
1747,1748,Fabre,Véronique,20
1748,1749,Arnaud,Jérôme,63
1749,1750,Leclercq,Victoire,90
1750,1751,Pelletier,Chantal,27
1751,1752,Adam,Victor,47
1752,1753,Diallo,Christine,86
1753,1754,Marchal,Élisabeth,14
1754,1755,Guillou,Victoire,15
1755,1756,Techer,Célina,63
1756,1757,Roche,Michelle,82
1757,1758,Guillon,Franck,69
1758,1759,Faure,Guillaume,92
1759,1760,Marie,Marcelle,5
1760,1761,Mercier,Nicolas,60
1761,1762,Berthelot,Aimé,14
1762,1763,Bailly,Valérie,56
1763,1764,Normand,Éléonore,5
1764,1765,Thibault,Georges,96
1765,1766,Pascal,Anastasie,89
1766,1767,Giraud,Adrien,89
1767,1768,Boulay,Benoît,49
1768,1769,Da Silva,René,17
1769,1770,Langlois,Pénélope,58
1770,1771,Gomes,Adèle,12
1771,1772,Delmas,Frédérique,81
1772,1773,Michaud,Caroline,42
1773,1774,Barthelemy,Roger,52
1774,1775,Lemoine,Jacques,43
1775,1776,Pons,Alphonse,71
1776,1777,Charles,Astrid,15
1777,1778,Delattre,Margaux,13
1778,1779,Couturier,Noël,74
1779,1780,Reynaud,Louise,51
1780,1781,Salmon,Daniel,43
1781,1782,Lemonnier,Honoré,49
1782,1783,Lamy,Josette,16
1783,1784,Lopez,Pierre,32
1784,1785,Maillet,Manon,62
1785,1786,Boulanger,Christophe,99
1786,1787,Salmon,Maryse,26
1787,1788,Sauvage,Margaud,81
1788,1789,Laine,Lorraine,21
1789,1790,Lefebvre,Antoine,3
1790,1791,Ruiz,Xavier,56
1791,1792,Moulin,André,3
1792,1793,Riou,Richard,50
1793,1794,Valentin,Paul,100
1794,1795,Benoit,Christine,36
1795,1796,Boyer,Bertrand,28
1796,1797,Duval,Alex,87
1797,1798,Klein,Juliette,90
1798,1799,Gros,Eugène,58
1799,1800,Dumas,Charlotte,5
1800,1801,Lefèvre,Guy,1
1801,1802,Pascal,Nicolas,55
1802,1803,Besson,Antoinette,20
1803,1804,Couturier,Thérèse,32
1804,1805,Guillou,Marianne,95
1805,1806,Guillon,Alain,14
1806,1807,Pons,Yves,74
1807,1808,Pascal,Éléonore,67
1808,1809,Coulon,Thibaut,86
1809,1810,Chauvin,Sébastien,22
1810,1811,Roy,Adrienne,3
1811,1812,Brunel,Pénélope,72
1812,1813,Delattre,Philippine,45
1813,1814,Baudry,Charlotte,57
1814,1815,Rousset,Grégoire,83
1815,1816,Samson,Marine,93
1816,1817,Maurice,Françoise,52
1817,1818,Paul,Anaïs,76
1818,1819,Martin,Raymond,61
1819,1820,Gaillard,Victoire,92
1820,1821,Ledoux,Henriette,31
1821,1822,Carpentier,Auguste,40
1822,1823,Lecoq,Martin,22
1823,1824,Roux,Chantal,97
1824,1825,Bertin,Alphonse,17
1825,1826,Monnier,Monique,1
1826,1827,Garcia,Nathalie,68
1827,1828,Descamps,Richard,98
1828,1829,Guibert,Aimé,31
1829,1830,Marques,William,6
1830,1831,Bernier,William,56
1831,1832,Ruiz,Nicole,29
1832,1833,Julien,Claude,77
1833,1834,Michaud,Claude,42
1834,1835,Rolland,Honoré,95
1835,1836,Paul,Suzanne,37
1836,1837,Durand,Stéphanie,67
1837,1838,Marie,Paul,15
1838,1839,Lebon,Joséphine,30
1839,1840,Boyer,Luc,28
1840,1841,Guilbert,Marie,96
1841,1842,Hernandez,Paul,76
1842,1843,Lebreton,Raymond,9
1843,1844,Navarro,Andrée,65
1844,1845,Couturier,Suzanne,30
1845,1846,Barre,Rémy,85
1846,1847,Imbert,Étienne,39
1847,1848,Vidal,Georges,62
1848,1849,Alexandre,Matthieu,50
1849,1850,De Sousa,Laure,5
1850,1851,Peron,Pierre,36
1851,1852,Blanchet,Hortense,69
1852,1853,Hernandez,Alice,66
1853,1854,Boyer,Nath,94
1854,1855,Labbé,Nathalie,51
1855,1856,Guilbert,Margaud,99
1856,1857,Maury,Frédérique,6
1857,1858,Benard,Zoé,11
1858,1859,Rossi,Anouk,39
1859,1860,Marin,Aurélie,15
1860,1861,Pinto,Alain,10
1861,1862,Guichard,Dorothée,16
1862,1863,Jacob,Marcel,99
1863,1864,Roger,Vincent,23
1864,1865,Lambert,Gilles,48
1865,1866,Berger,Sophie,85
1866,1867,Boyer,Yves,78
1867,1868,Benard,Honoré,63
1868,1869,Imbert,William,17
1869,1870,Voisin,Simone,62
1870,1871,Mallet,Louis,57
1871,1872,Michaud,Denise,3
1872,1873,Gaudin,Anouk,86
1873,1874,Girard,Frédéric,26
1874,1875,Martel,Sylvie,61
1875,1876,Louis,Paul,11
1876,1877,Techer,Hélène,46
1877,1878,Humbert,Augustin,76
1878,1879,Lecoq,Suzanne,98
1879,1880,Bègue,Luc,94
1880,1881,Guichard,Élise,8
1881,1882,Alexandre,Roland,60
1882,1883,Muller,Susanne,59
1883,1884,Guillon,Édouard,57
1884,1885,Carre,Constance,54
1885,1886,Hernandez,Thérèse,32
1886,1887,Cousin,Julien,100
1887,1888,Guillou,Gérard,34
1888,1889,Guibert,Honoré,12
1889,1890,Bonnin,Margaud,26
1890,1891,Bertin,Thibault,2
1891,1892,Martinez,Daniel,29
1892,1893,Simon,Laurence,32
1893,1894,Michel,Henri,36
1894,1895,Morin,Antoine,19
1895,1896,Thierry,Sabine,96
1896,1897,Leduc,Matthieu,21
1897,1898,Launay,Thibaut,6
1898,1899,Rossi,Audrey,70
1899,1900,Dufour,Jérôme,55
1900,1901,Lecomte,Clémence,36
1901,1902,Rémy,Stéphanie,16
1902,1903,Klein,Vincent,37
1903,1904,Dos Santos,Zacharie,23
1904,1905,Delorme,Madeleine,78
1905,1906,Texier,Jeannine,6
1906,1907,Delaunay,Émilie,60
1907,1908,Meunier,Théodore,40
1908,1909,Leclerc,Christelle,15
1909,1910,Martins,Mathilde,85
1910,1911,Petit,Stéphanie,64
1911,1912,Dubois,René,26
1912,1913,Laporte,Olivie,20
1913,1914,Gosselin,Patricia,90
1914,1915,Legrand,Claudine,91
1915,1916,Parent,Élise,1
1916,1917,Hubert,Odette,85
1917,1918,Weber,Capucine,62
1918,1919,Cousin,Chantal,84
1919,1920,Carlier,Marcel,82
1920,1921,Marion,Camille,5
1921,1922,Lacroix,Aimée,9
1922,1923,Lefort,William,61
1923,1924,Chartier,Isabelle,78
1924,1925,Bouchet,Léon,89
1925,1926,Hoareau,Susan,38
1926,1927,Moreau,Zoé,85
1927,1928,Mallet,Bernard,1
1928,1929,Labbé,Adrienne,2
1929,1930,Nguyen,Hugues,72
1930,1931,Torres,Maggie,44
1931,1932,Valette,Étienne,84
1932,1933,Morel,Augustin,34
1933,1934,Perrier,Marguerite,74
1934,1935,Besnard,Gérard,47
1935,1936,Peltier,Christophe,26
1936,1937,Pires,Marguerite,68
1937,1938,Lacroix,Aurore,13
1938,1939,Chauvin,Lucie,24
1939,1940,Weber,René,47
1940,1941,Georges,Astrid,8
1941,1942,Picard,Nathalie,8
1942,1943,Cordier,Claire,42
1943,1944,Boucher,Maryse,53
1944,1945,Delorme,Frédéric,9
1945,1946,Faivre,Isaac,99
1946,1947,Lecomte,Aimé,16
1947,1948,Hoarau,Jeannine,6
1948,1949,Didier,Anastasie,8
1949,1950,Blin,Véronique,18
1950,1951,Lemoine,Charles,50
1951,1952,David,Rémy,54
1952,1953,Ruiz,Alexandrie,51
1953,1954,Renaud,Vincent,57
1954,1955,Giraud,Antoine,4
1955,1956,Gay,Françoise,71
1956,1957,David,Éric,64
1957,1958,Blanchard,Aurore,43
1958,1959,Langlois,Georges,70
1959,1960,Ramos,Émile,31
1960,1961,Gilles,Daniel,80
1961,1962,Lenoir,Rémy,36
1962,1963,Gros,David,87
1963,1964,Coulon,Christiane,4
1964,1965,Lelièvre,Antoinette,6
1965,1966,Martins,Guy,58
1966,1967,Delannoy,Jeannine,18
1967,1968,Carpentier,Alain,53
1968,1969,Becker,Emmanuelle,20
1969,1970,Ledoux,Alice,74
1970,1971,Ramos,Anne,67
1971,1972,Lemaître,Inès,22
1972,1973,Nguyen,Denise,79
1973,1974,Dupont,Margot,22
1974,1975,Legrand,René,78
1975,1976,Leclerc,David,10
1976,1977,Aubry,Anaïs,4
1977,1978,Dupuis,Marc,33
1978,1979,Hoarau,Sébastien,97
1979,1980,Fabre,Geneviève,64
1980,1981,Auger,Nathalie,50
1981,1982,Gauthier,Odette,36
1982,1983,Adam,Sophie,93
1983,1984,Carpentier,Audrey,91
1984,1985,Gallet,Laure,32
1985,1986,Seguin,Charles,64
1986,1987,Lacombe,Susanne,92
1987,1988,Roger,Xavier,2
1988,1989,Boulanger,Maryse,27
1989,1990,Léger,Claire,44
1990,1991,Pierre,Michèle,37
1991,1992,Carlier,Lorraine,89
1992,1993,Brunet,Georges,58
1993,1994,Merle,Thomas,22
1994,1995,Giraud,Madeleine,69
1995,1996,Masse,Thérèse,74
1996,1997,Rey,Denise,87
1997,1998,Breton,Manon,84
1998,1999,Guillaume,Henri,18
1999,2000,Roux,Émile,81
2000,2001,Charles,Lucy,61
2001,2002,Blanchard,Capucine,65
2002,2003,Delannoy,Frédéric,5
2003,2004,Devaux,Xavier,51
2004,2005,Garcia,Susan,4
2005,2006,Thierry,Michel,63
2006,2007,Valette,Olivier,35
2007,2008,Leduc,Maurice,87
2008,2009,Raymond,Christelle,30
2009,2010,Mahe,Josette,90
2010,2011,Perrot,Colette,63
2011,2012,Petit,Gabrielle,3
2012,2013,Robert,Adrienne,47
2013,2014,Richard,Philippine,7
2014,2015,Breton,Louise,91
2015,2016,Giraud,Grégoire,72
2016,2017,Samson,Olivier,44
2017,2018,Gosselin,Dominique,84
2018,2019,Boulay,Élisabeth,23
2019,2020,Bouchet,Augustin,11
2020,2021,Faivre,Margot,7
2021,2022,Camus,Maryse,75
2022,2023,Joseph,Gilbert,40
2023,2024,Mary,Christophe,50
2024,2025,Legendre,Étienne,53
2025,2026,Rocher,Brigitte,61
2026,2027,Delmas,Lorraine,22
2027,2028,Mathieu,Agathe,77
2028,2029,Boulay,Noémi,59
2029,2030,Jacquot,Nicolas,15
2030,2031,Brunet,Susan,17
2031,2032,Martel,Manon,19
2032,2033,Pasquier,Susan,20
2033,2034,Costa,Jean,19
2034,2035,Chauvet,Alex,13
2035,2036,Mercier,Édith,26
2036,2037,Bertin,Hélène,15
2037,2038,Bonnin,Isabelle,32
2038,2039,Raymond,Odette,99
2039,2040,Letellier,Louise,45
2040,2041,Lecomte,Patricia,77
2041,2042,Marchal,Rémy,47
2042,2043,Raymond,Patrick,81
2043,2044,Bertrand,Nicole,40
2044,2045,Texier,Marthe,35
2045,2046,Fournier,Vincent,22
2046,2047,Le Goff,Étienne,68
2047,2048,Dupré,Pauline,91
2048,2049,Lemaître,Adrien,20
2049,2050,Sanchez,Emmanuelle,11
2050,2051,Hoarau,Jacques,19
2051,2052,Maurice,Marie,35
2052,2053,Julien,Simone,39
2053,2054,Vallet,Clémence,15
2054,2055,Fouquet,Eugène,2
2055,2056,Rossi,Margaux,27
2056,2057,Mace,Danielle,6
2057,2058,Dupré,Laure,27
2058,2059,Guérin,Alphonse,18
2059,2060,Masse,Claude,56
2060,2061,Mathieu,Aurore,78
2061,2062,Allard,Hortense,72
2062,2063,Rousseau,Odette,35
2063,2064,Dupré,Constance,72
2064,2065,Pruvost,Clémence,48
2065,2066,Godard,Timothée,93
2066,2067,Hardy,Georges,38
2067,2068,Lucas,Audrey,71
2068,2069,Lelièvre,Andrée,87
2069,2070,Lecomte,Théophile,46
2070,2071,Lefebvre,Nathalie,14
2071,2072,Rocher,Marthe,39
2072,2073,Georges,Sophie,7
2073,2074,Prévost,Pauline,91
2074,2075,Martinez,Julie,68
2075,2076,De Oliveira,Hélène,80
2076,2077,Monnier,Édith,49
2077,2078,Perret,Danielle,21
2078,2079,Marchal,Noël,59
2079,2080,Bruneau,Sabine,8
2080,2081,Petit,Henri,60
2081,2082,Picard,Alexandria,50
2082,2083,Delattre,François,35
2083,2084,Masson,Arnaude,5
2084,2085,Chartier,Alain,89
2085,2086,Charpentier,Aimé,20
2086,2087,Fouquet,Margaud,57
2087,2088,François,Jeannine,49
2088,2089,Delattre,Élisabeth,3
2089,2090,Blin,Stéphanie,54
2090,2091,Guilbert,Paulette,10
2091,2092,Collin,Thibault,54
2092,2093,Laporte,Gabrielle,16
2093,2094,Pruvost,Émilie,53
2094,2095,Diaz,Eugène,48
2095,2096,Lebon,Olivier,18
2096,2097,Fabre,Christine,96
2097,2098,Maillot,Aurore,19
2098,2099,Meyer,Émilie,17
2099,2100,Alves,Alexandre,59
2100,2101,Leleu,Margaud,81
2101,2102,Alexandre,Aimé,91
2102,2103,Charpentier,William,25
2103,2104,Teixeira,Antoinette,13
2104,2105,Jourdan,Adèle,28
2105,2106,Caron,Geneviève,51
2106,2107,Leconte,Margot,13
2107,2108,Monnier,Laurent,54
2108,2109,Gérard,Sophie,81
2109,2110,Hoarau,Claire,73
2110,2111,Leblanc,Thibault,53
2111,2112,Poulain,Laurent,94
2112,2113,Monnier,Jacques,94
2113,2114,Da Silva,Capucine,76
2114,2115,Renault,Mathilde,3
2115,2116,Benard,Zoé,18
2116,2117,Pascal,Marguerite,76
2117,2118,Delattre,Margaux,50
2118,2119,Bonnin,Zacharie,63
2119,2120,Girard,Thibaut,89
2120,2121,Leclerc,Thomas,45
2121,2122,Lemaire,Margot,51
2122,2123,Fernandez,Aimée,29
2123,2124,Moreno,Pauline,69
2124,2125,Joly,Thérèse,40
2125,2126,Hamon,Christiane,58
2126,2127,Bourgeois,Théophile,71
2127,2128,Chevallier,Robert,93
2128,2129,Aubry,Alphonse,95
2129,2130,Rousseau,Chantal,91
2130,2131,Lebrun,Martine,40
2131,2132,Jacquet,Alix,33
2132,2133,Guillet,Michelle,67
2133,2134,Richard,Camille,62
2134,2135,Pinto,Agathe,3
2135,2136,Mercier,Marguerite,35
2136,2137,Durand,Nath,8
2137,2138,Moulin,Honoré,24
2138,2139,Menard,Noël,34
2139,2140,Poulain,Émilie,35
2140,2141,Gimenez,Jacqueline,43
2141,2142,Peron,André,38
2142,2143,Lebrun,Clémence,35
2143,2144,Pons,Isaac,85
2144,2145,Pires,Sophie,51
2145,2146,Jourdan,Stéphanie,18
2146,2147,Lejeune,Susan,83
2147,2148,Germain,Christine,38
2148,2149,Meyer,Lucie,80
2149,2150,Mace,Louis,34
2150,2151,Bouvet,Josette,30
2151,2152,Gillet,Margot,15
2152,2153,Lévy,Marc,75
2153,2154,Dupré,Daniel,66
2154,2155,Dos Santos,Agnès,51
2155,2156,Bouvier,Danielle,52
2156,2157,Delannoy,Benoît,76
2157,2158,Andre,Jacques,98
2158,2159,Garcia,Charlotte,52
2159,2160,Bouvier,Alain,70
2160,2161,Gautier,Claire,23
2161,2162,Fleury,Amélie,71
2162,2163,Martin,Alexandria,62
2163,2164,Hernandez,Zoé,4
2164,2165,De Sousa,Christelle,82
2165,2166,Pineau,Victoire,90
2166,2167,Lombard,Laurence,5
2167,2168,Texier,Thibaut,2
2168,2169,Nguyen,Zoé,18
2169,2170,Rivière,Marine,6
2170,2171,Philippe,Luc,59
2171,2172,Leroy,Louis,5
2172,2173,Lesage,Martin,11
2173,2174,Guillon,Josette,31
2174,2175,Bonneau,Henri,8
2175,2176,Ruiz,Danielle,13
2176,2177,Moulin,Éléonore,25
2177,2178,Roy,Pauline,94
2178,2179,Rolland,Marguerite,28
2179,2180,Delahaye,Inès,90
2180,2181,Vallée,Aimé,64
2181,2182,Louis,Augustin,49
2182,2183,Leleu,Xavier,23
2183,2184,Bernard,Marie,46
2184,2185,Marty,Alice,20
2185,2186,Hervé,Marie,38
2186,2187,Pages,André,28
2187,2188,Gomes,Bernadette,37
2188,2189,Rey,Marguerite,40
2189,2190,Brun,Auguste,13
2190,2191,Julien,Anastasie,17
2191,2192,Moulin,Denise,6
2192,2193,Pons,Martin,70
2193,2194,Faivre,Véronique,99
2194,2195,Fournier,Hélène,8
2195,2196,Robin,Corinne,97
2196,2197,Baudry,Matthieu,45
2197,2198,Wagner,Frédérique,47
2198,2199,Fabre,Marcelle,62
2199,2200,Bourdon,Édouard,83
2200,2201,Garcia,Juliette,72
2201,2202,Delattre,Augustin,68
2202,2203,Faivre,Claire,90
2203,2204,Andre,Mathilde,31
2204,2205,Renaud,Anne,37
2205,2206,Barbier,Matthieu,49
2206,2207,Rolland,Auguste,36
2207,2208,Richard,Daniel,47
2208,2209,Maillard,Arthur,13
2209,2210,Dias,Nathalie,6
2210,2211,Benoit,Charles,76
2211,2212,Brunet,Nathalie,25
2212,2213,Lecomte,Émilie,22
2213,2214,Garcia,Thibaut,29
2214,2215,Mace,Gilbert,45
2215,2216,Thibault,Jules,23
2216,2217,Riou,Emmanuel,89
2217,2218,Teixeira,Dorothée,23
2218,2219,Barbe,Claude,35
2219,2220,Labbé,Joséphine,62
2220,2221,Auger,Madeleine,78
2221,2222,Thierry,Alphonse,27
2222,2223,Muller,Diane,100
2223,2224,Legrand,Audrey,37
2224,2225,Rey,Odette,88
2225,2226,Marques,Simone,63
2226,2227,Da Silva,Margaux,9
2227,2228,Lopes,Valérie,13
2228,2229,Ramos,Sébastien,32
2229,2230,Wagner,Augustin,47
2230,2231,Da Silva,Margaud,39
2231,2232,Andre,Brigitte,90
2232,2233,Besnard,Thérèse,60
2233,2234,Lopez,Daniel,26
2234,2235,Brun,Philippine,17
2235,2236,Mary,Patricia,32
2236,2237,Colas,Richard,62
2237,2238,Collin,Claire,52
2238,2239,Couturier,Christelle,48
2239,2240,Humbert,Thérèse,26
2240,2241,Diaz,Éric,16
2241,2242,Rémy,Chantal,53
2242,2243,Gay,Marie,92
2243,2244,Blondel,Charlotte,20
2244,2245,Mary,Patricia,20
2245,2246,Girard,Eugène,69
2246,2247,Raymond,Joséphine,94
2247,2248,Barbier,Philippine,3
2248,2249,Robin,Brigitte,68
2249,2250,Collin,Diane,59
2250,2251,Bonnet,François,60
2251,2252,Hervé,Alice,64
2252,2253,Guyon,Catherine,36
2253,2254,Delattre,Odette,10
2254,2255,Guillot,Maryse,29
2255,2256,Bertrand,Vincent,63
2256,2257,Dupré,Stéphanie,80
2257,2258,Lacroix,Danielle,67
2258,2259,Pinto,Marine,76
2259,2260,Hoarau,Philippe,56
2260,2261,Joubert,Olivie,43
2261,2262,Maréchal,Agathe,13
2262,2263,Besnard,Madeleine,74
2263,2264,Joly,Jeanne,54
2264,2265,Ruiz,Paul,90
2265,2266,Vincent,Éléonore,99
2266,2267,Chevallier,Victor,35
2267,2268,Hervé,Laurence,88
2268,2269,Renault,Laurent,32
2269,2270,Potier,Luc,64
2270,2271,Cohen,Nath,94
2271,2272,Poirier,Henri,6
2272,2273,Morin,Jeanne,79
2273,2274,Reynaud,Paulette,42
2274,2275,Baudry,Hélène,76
2275,2276,Tessier,Frédérique,54
2276,2277,Girard,Alain,66
2277,2278,Maury,Christiane,84
2278,2279,Alves,Bernadette,36
2279,2280,Clément,Georges,40
2280,2281,Caron,Odette,47
2281,2282,Collet,Emmanuelle,26
2282,2283,Maurice,Thibault,55
2283,2284,Laroche,Zoé,41
2284,2285,Guyon,Valérie,73
2285,2286,Marchand,Alfred,71
2286,2287,Cordier,Georges,32
2287,2288,Breton,Marguerite,54
2288,2289,Ferreira,Benoît,43
2289,2290,Normand,Édith,49
2290,2291,Moulin,Isaac,61
2291,2292,Voisin,Virginie,47
2292,2293,Collin,Susan,13
2293,2294,Gay,Nathalie,29
2294,2295,Grenier,Margot,72
2295,2296,Garnier,Gabriel,24
2296,2297,Auger,Joseph,12
2297,2298,Mallet,Joseph,75
2298,2299,Bazin,Victoire,34
2299,2300,Jourdan,Pierre,33
2300,2301,Hamel,Nicole,84
2301,2302,Pires,Agathe,59
2302,2303,Dufour,Denise,14
2303,2304,Schmitt,Philippine,65
2304,2305,Guyot,Marine,26
2305,2306,Masse,Nathalie,9
2306,2307,Boulay,Marthe,39
2307,2308,Guyot,Tristan,35
2308,2309,Jacques,Bernard,99
2309,2310,Schneider,Rémy,71
2310,2311,Colas,Philippine,83
2311,2312,Martineau,Guillaume,35
2312,2313,Gillet,Patrick,42
2313,2314,Guichard,Lucas,20
2314,2315,Perret,Vincent,21
2315,2316,Carlier,Nathalie,99
2316,2317,Legendre,Robert,68
2317,2318,Colas,David,80
2318,2319,Faure,Anouk,39
2319,2320,Rolland,Martine,91
2320,2321,Daniel,Daniel,49
2321,2322,Faivre,William,36
2322,2323,Bonnin,Alix,84
2323,2324,Louis,Raymond,54
2324,2325,Samson,Lorraine,37
2325,2326,Lemonnier,Gabrielle,29
2326,2327,Peltier,Tristan,13
2327,2328,Chauvin,Pauline,80
2328,2329,Lefèvre,Sabine,51
2329,2330,Guillet,Thérèse,85
2330,2331,Guillot,Lucy,28
2331,2332,Morin,Antoine,32
2332,2333,Leclercq,Isabelle,97
2333,2334,Dumas,Théodore,16
2334,2335,Léger,Émilie,83
2335,2336,Marion,Claudine,37
2336,2337,Lenoir,Martin,97
2337,2338,Boulay,Laurence,1
2338,2339,Launay,Julie,60
2339,2340,Masse,Joseph,74
2340,2341,Raymond,Stéphanie,18
2341,2342,Valentin,Auguste,11
2342,2343,Antoine,Capucine,2
2343,2344,Guibert,Benoît,59
2344,2345,Gilles,Gérard,21
2345,2346,Gonzalez,Adrienne,38
2346,2347,Gimenez,Marc,85
2347,2348,Dupuy,Zoé,52
2348,2349,Costa,Stéphanie,26
2349,2350,Thibault,Henri,28
2350,2351,Pons,Léon,25
2351,2352,Delmas,Arthur,50
2352,2353,Dupuis,Alain,63
2353,2354,Rémy,Véronique,6
2354,2355,Mendès,Daniel,98
2355,2356,Perez,Julie,16
2356,2357,Simon,Bernadette,19
2357,2358,Carre,Gilbert,49
2358,2359,Didier,Thibaut,48
2359,2360,Gaudin,Zoé,2
2360,2361,Perrier,Juliette,15
2361,2362,Hervé,Stéphane,32
2362,2363,Collet,Victoire,46
2363,2364,Ferrand,Capucine,82
2364,2365,Bourdon,Camille,67
2365,2366,Tanguy,Astrid,29
2366,2367,Marques,Nicolas,82
2367,2368,Godard,Olivier,74
2368,2369,Hervé,Christophe,73
2369,2370,Guyot,Pauline,22
2370,2371,Faure,Thibault,95
2371,2372,Allain,Paul,23
2372,2373,Allain,Michel,70
2373,2374,Laine,Adrien,100
2374,2375,Bertin,Valentine,96
2375,2376,Roger,Célina,13
2376,2377,Rodrigues,Alice,93
2377,2378,Sauvage,Marc,30
2378,2379,Gimenez,Benjamin,32
2379,2380,Turpin,Paul,53
2380,2381,Rousset,Gabriel,17
2381,2382,Perrier,Louise,88
2382,2383,Louis,Roland,24
2383,2384,Legros,Margaux,84
2384,2385,Delmas,Raymond,8
2385,2386,Gimenez,Michel,89
2386,2387,Pineau,Marcel,64
2387,2388,Schmitt,Julien,66
2388,2389,Fabre,René,78
2389,2390,Sanchez,Sophie,44
2390,2391,Millet,Yves,66
2391,2392,Marchand,Martine,87
2392,2393,Vasseur,Marc,99
2393,2394,Dupont,Louise,63
2394,2395,Leblanc,Caroline,14
2395,2396,Paris,Pierre,53
2396,2397,Meunier,Juliette,13
2397,2398,Wagner,Margaret,88
2398,2399,Dupuy,Catherine,80
2399,2400,Samson,Lorraine,55
2400,2401,Poulain,Étienne,45
2401,2402,Chartier,Élisabeth,48
2402,2403,Robert,Théophile,54
2403,2404,Carpentier,Hélène,89
2404,2405,Menard,Christelle,87
2405,2406,Martineau,Mathilde,71
2406,2407,Humbert,Capucine,55
2407,2408,Hamon,Pauline,39
2408,2409,Poulain,Yves,65
2409,2410,Paris,Michel,78
2410,2411,Michel,Guillaume,70
2411,2412,Allard,Stéphanie,47
2412,2413,Humbert,Honoré,23
2413,2414,Andre,Dominique,89
2414,2415,Pineau,Laetitia,60
2415,2416,De Sousa,Agnès,11
2416,2417,Gilbert,Laetitia,93
2417,2418,Hervé,Jeannine,37
2418,2419,Lévêque,Nath,82
2419,2420,Descamps,Bernard,89
2420,2421,Gilles,Amélie,62
2421,2422,Barbier,Céline,78
2422,2423,Vallet,Auguste,55
2423,2424,Jacquet,Gabriel,51
2424,2425,Jacquot,Auguste,71
2425,2426,Da Costa,Agathe,5
2426,2427,Hervé,Inès,93
2427,2428,Legendre,Colette,21
2428,2429,Bigot,René,44
2429,2430,Gilles,Maryse,34
2430,2431,Fournier,Élisabeth,100
2431,2432,Normand,Pénélope,7
2432,2433,Letellier,Martin,6
2433,2434,Godard,Éléonore,57
2434,2435,De Oliveira,Valérie,70
2435,2436,Chauvin,Émilie,81
2436,2437,Petit,Bertrand,72
2437,2438,Voisin,Susanne,6
2438,2439,Leconte,Valentine,42
2439,2440,Chauvet,Dominique,74
2440,2441,Leroux,André,18
2441,2442,Neveu,Valérie,88
2442,2443,Gillet,Constance,15
2443,2444,Benard,Margot,7
2444,2445,Lacroix,André,47
2445,2446,Chartier,Henriette,9
2446,2447,Royer,Célina,86
2447,2448,Vallet,Lucy,51
2448,2449,Bodin,Théophile,2
2449,2450,Germain,Céline,55
2450,2451,Petitjean,Jacqueline,10
2451,2452,Pruvost,Sébastien,48
2452,2453,Michel,Cécile,49
2453,2454,Mallet,Olivie,46
2454,2455,Legros,Christophe,95
2455,2456,Diallo,Virginie,18
2456,2457,Riou,Benoît,23
2457,2458,Alves,Julie,33
2458,2459,Louis,Margaux,64
2459,2460,Texier,Célina,58
2460,2461,Lefort,Cécile,61
2461,2462,Lebon,Denis,8
2462,2463,Chevalier,Anne,97
2463,2464,Rossi,Clémence,98
2464,2465,Grenier,Julien,74
2465,2466,Klein,Amélie,81
2466,2467,Lemaire,Lucie,26
2467,2468,Ferrand,Auguste,80
2468,2469,Charles,Valentine,33
2469,2470,Pierre,Brigitte,48
2470,2471,Pierre,Dorothée,37
2471,2472,Rousset,Antoine,34
2472,2473,Gaudin,Adèle,33
2473,2474,Charles,Daniel,76
2474,2475,Boyer,Françoise,53
2475,2476,Gimenez,Pénélope,5
2476,2477,Lacroix,Alphonse,95
2477,2478,Bodin,Christophe,91
2478,2479,De Sousa,Marcel,14
2479,2480,Delannoy,Maryse,35
2480,2481,Bazin,Thomas,20
2481,2482,Lemaire,Astrid,54
2482,2483,Jourdan,Jeannine,21
2483,2484,Labbé,Patricia,70
2484,2485,Da Silva,Antoinette,99
2485,2486,Leduc,Thomas,39
2486,2487,Samson,Thomas,74
2487,2488,Blanchard,Marie,5
2488,2489,Jean,Thomas,51
2489,2490,Gilbert,Claude,78
2490,2491,Grenier,Thomas,82
2491,2492,Laurent,Constance,31
2492,2493,Peltier,Henriette,84
2493,2494,Le Gall,Isaac,30
2494,2495,Leconte,Christine,14
2495,2496,Marion,Céline,88
2496,2497,Berthelot,Claudine,60
2497,2498,Deschamps,Henriette,64
2498,2499,Guibert,William,60
2499,2500,Lemoine,Gabrielle,55
2500,2501,Garcia,Sébastien,43
2501,2502,Texier,Léon,23
2502,2503,Riou,Simone,59
2503,2504,Perret,Rémy,65
2504,2505,Delannoy,Renée,99
2505,2506,Lefort,Michelle,33
2506,2507,Alves,Michel,6
2507,2508,Robert,Vincent,60
2508,2509,Martin,Suzanne,58
2509,2510,Martins,Céline,50
2510,2511,Couturier,Adrienne,9
2511,2512,Weiss,Margaret,40
2512,2513,Nicolas,Alexandre,64
2513,2514,Perez,Zoé,86
2514,2515,Breton,Lucie,65
2515,2516,Dos Santos,Olivier,37
2516,2517,Adam,Madeleine,27
2517,2518,Valentin,Sabine,74
2518,2519,Lagarde,Auguste,61
2519,2520,Jacquet,Olivier,30
2520,2521,Peron,Pauline,55
2521,2522,Morvan,Sabine,59
2522,2523,Aubry,Marianne,56
2523,2524,De Oliveira,Timothée,96
2524,2525,Joubert,Thomas,89
2525,2526,Camus,Lorraine,45
2526,2527,Couturier,William,83
2527,2528,Legendre,Gilles,26
2528,2529,Blin,Lucy,64
2529,2530,Diallo,Émile,16
2530,2531,Ferrand,Aurélie,47
2531,2532,Renard,Élise,6
2532,2533,Rivière,Juliette,41
2533,2534,Philippe,Antoine,88
2534,2535,Martineau,Martine,98
2535,2536,Barbier,Aimé,93
2536,2537,Rey,François,29
2537,2538,Michel,Stéphane,43
2538,2539,Bousquet,Pauline,26
2539,2540,Lamy,Adélaïde,21
2540,2541,Masson,Marie,16
2541,2542,Regnier,Victor,7
2542,2543,Laporte,Stéphanie,93
2543,2544,Bernier,Agnès,6
2544,2545,Leroux,Zacharie,36
2545,2546,Bonneau,Pauline,39
2546,2547,Dupuy,Claire,23
2547,2548,Bouchet,Céline,23
2548,2549,Paris,Alfred,51
2549,2550,Gimenez,Alix,50
2550,2551,Rousseau,Antoine,1
2551,2552,Guillon,Élisabeth,22
2552,2553,Gonzalez,René,1
2553,2554,Descamps,Franck,66
2554,2555,Nguyen,Marianne,91
2555,2556,Durand,Margaux,43
2556,2557,Aubry,Michelle,27
2557,2558,Barbier,Frédéric,82
2558,2559,Bouvet,Louise,80
2559,2560,Durand,Hugues,43
2560,2561,Richard,Denis,17
2561,2562,Gaillard,Georges,15
2562,2563,Poirier,Maurice,94
2563,2564,Mace,Andrée,54
2564,2565,Gilbert,Marthe,26
2565,2566,Laroche,François,41
2566,2567,Guyon,Patrick,9
2567,2568,Bouchet,Emmanuelle,27
2568,2569,Fernandes,Élodie,3
2569,2570,Lopez,Pierre,61
2570,2571,Dupré,Catherine,60
2571,2572,Salmon,Luc,43
2572,2573,Meyer,Rémy,41
2573,2574,Letellier,Astrid,71
2574,2575,Guyon,Stéphane,97
2575,2576,Laroche,Vincent,88
2576,2577,Philippe,Marguerite,98
2577,2578,Le Gall,Juliette,38
2578,2579,Poulain,Maggie,19
2579,2580,Breton,Camille,27
2580,2581,Legrand,Marthe,91
2581,2582,Gilbert,Suzanne,39
2582,2583,Roussel,Adrienne,44
2583,2584,Weber,Hélène,26
2584,2585,Bertin,Suzanne,37
2585,2586,Pichon,André,16
2586,2587,Moulin,Éric,1
2587,2588,Lecoq,Simone,86
2588,2589,Coste,Alice,97
2589,2590,Guillon,Maggie,64
2590,2591,Leclerc,Arnaude,72
2591,2592,Bigot,Dominique,28
2592,2593,Roger,Corinne,56
2593,2594,Le Gall,Yves,13
2594,2595,Jourdan,Denis,77
2595,2596,Payet,Adélaïde,47
2596,2597,Aubert,Audrey,28
2597,2598,Bouvier,Denise,72
2598,2599,De Sousa,Augustin,13
2599,2600,Marie,Alain,12
2600,2601,Lejeune,Augustin,33
2601,2602,Martel,Noël,64
2602,2603,Joubert,Isaac,92
2603,2604,Leconte,Margaud,44
2604,2605,Durand,Hugues,95
2605,2606,Thibault,Honoré,36
2606,2607,Valentin,Alphonse,93
2607,2608,Albert,Jeannine,58
2608,2609,Gonzalez,Thérèse,100
2609,2610,Cousin,Grégoire,20
2610,2611,Laine,Benoît,2
2611,2612,Meyer,Zoé,79
2612,2613,Morin,Geneviève,59
2613,2614,Durand,Honoré,46
2614,2615,Dupuy,Anastasie,66
2615,2616,Richard,Charlotte,4
2616,2617,Rodrigues,Claude,29
2617,2618,Vidal,Guillaume,17
2618,2619,Texier,Noémi,83
2619,2620,Collet,Agathe,40
2620,2621,Hamel,Frédéric,44
2621,2622,Pires,Josette,66
2622,2623,Martins,Caroline,25
2623,2624,Barbe,Roger,70
2624,2625,Bailly,Michel,22
2625,2626,Pineau,Jeanne,77
2626,2627,Bernier,Émilie,43
2627,2628,Moreau,Henriette,69
2628,2629,Clément,Olivie,73
2629,2630,Dupont,Roland,49
2630,2631,Hoareau,Jeannine,31
2631,2632,Letellier,Raymond,16
2632,2633,Petit,Léon,78
2633,2634,Maillet,Maryse,59
2634,2635,Lebon,Gabrielle,89
2635,2636,Tessier,Sophie,66
2636,2637,Samson,André,61
2637,2638,Maillard,Éric,64
2638,2639,Maillet,Élisabeth,71
2639,2640,Besson,Vincent,7
2640,2641,Seguin,Joséphine,74
2641,2642,Bonnin,Célina,84
2642,2643,Chrétien,Luc,69
2643,2644,Chevalier,Valérie,39
2644,2645,Philippe,Anaïs,68
2645,2646,Fabre,Adrienne,90
2646,2647,Tessier,Laure,77
2647,2648,Lopes,Robert,17
2648,2649,Guichard,Mathilde,30
2649,2650,Cordier,Jules,64
2650,2651,Berthelot,Adrienne,14
2651,2652,Charpentier,Emmanuelle,77
2652,2653,Roux,Michèle,72
2653,2654,Marie,Hortense,17
2654,2655,Lopez,Pénélope,68
2655,2656,Blondel,Margot,87
2656,2657,Barre,Franck,40
2657,2658,Da Costa,Henri,63
2658,2659,Humbert,Gilles,47
2659,2660,Rousseau,Thomas,6
2660,2661,Rémy,Henriette,33
2661,2662,Roger,Théodore,69
2662,2663,Guillou,Élodie,5
2663,2664,Ollivier,Charles,52
2664,2665,Leclercq,Timothée,30
2665,2666,Gosselin,Alexandria,7
2666,2667,Petitjean,Arthur,75
2667,2668,Dubois,Émilie,31
2668,2669,Schneider,Thomas,69
2669,2670,Martin,Gilles,99
2670,2671,Guibert,Olivier,48
2671,2672,Brun,Léon,86
2672,2673,Peltier,Pénélope,59
2673,2674,Gomez,Valérie,39
2674,2675,Gomez,Alexandrie,65
2675,2676,Leleu,Michèle,73
2676,2677,Chartier,Théodore,1
2677,2678,Schneider,Astrid,90
2678,2679,Benoit,Stéphane,2
2679,2680,Vallée,Margot,21
2680,2681,Chrétien,Alix,44
2681,2682,Bodin,Vincent,8
2682,2683,Techer,Augustin,25
2683,2684,Pichon,Maggie,81
2684,2685,Adam,Caroline,43
2685,2686,Chauvet,Yves,15
2686,2687,Boulay,Amélie,42
2687,2688,Rocher,William,41
2688,2689,Millet,Susan,87
2689,2690,Legendre,Suzanne,60
2690,2691,Pages,Dominique,97
2691,2692,Foucher,Olivier,70
2692,2693,Bonneau,Patrick,40
2693,2694,Maury,Marianne,92
2694,2695,Raymond,André,42
2695,2696,Breton,Joséphine,2
2696,2697,Peltier,Luce,86
2697,2698,Paris,Élodie,9
2698,2699,Boulay,Josette,42
2699,2700,Gérard,René,92
2700,2701,Munoz,Joséphine,63
2701,2702,Durand,Laurent,36
2702,2703,Collet,Stéphane,100
2703,2704,Fernandez,Margot,43
2704,2705,Étienne,Timothée,38
2705,2706,Camus,Raymond,2
2706,2707,Simon,Julien,78
2707,2708,Lebon,Hélène,94
2708,2709,Rolland,Marie,84
2709,2710,Laporte,Eugène,25
2710,2711,Jourdan,Céline,3
2711,2712,Delorme,Jean,94
2712,2713,Morin,Éléonore,66
2713,2714,Le Roux,Sébastien,47
2714,2715,Marion,Franck,76
2715,2716,Lagarde,Michel,62
2716,2717,Jacob,Suzanne,20
2717,2718,Coste,Auguste,32
2718,2719,Marin,Marc,76
2719,2720,Lévy,Adélaïde,46
2720,2721,Raymond,Benjamin,82
2721,2722,Leclerc,Gilbert,13
2722,2723,Rémy,Maurice,95
2723,2724,Benard,Hugues,45
2724,2725,Merle,Bernadette,12
2725,2726,Cordier,Éléonore,38
2726,2727,Dos Santos,Suzanne,59
2727,2728,Ollivier,Hélène,40
2728,2729,Lebreton,Alex,80
2729,2730,Germain,Louis,30
2730,2731,Gérard,Thérèse,61
2731,2732,Mace,Joséphine,60
2732,2733,Barre,Brigitte,80
2733,2734,Albert,Margaret,29
2734,2735,Gimenez,Zoé,57
2735,2736,Lefort,Océane,68
2736,2737,Pasquier,Odette,82
2737,2738,Dupuy,Margaud,68
2738,2739,Delorme,Léon,11
2739,2740,Verdier,Éric,87
2740,2741,Da Costa,Léon,8
2741,2742,Camus,Nathalie,38
2742,2743,Dumas,Denis,96
2743,2744,Pelletier,Christelle,54
2744,2745,Meyer,Victoire,79
2745,2746,Merle,Célina,73
2746,2747,Samson,Olivie,20
2747,2748,Lopez,François,63
2748,2749,Rolland,Matthieu,9
2749,2750,Fabre,Thierry,61
2750,2751,Lopez,Alexandrie,77
2751,2752,Morel,Olivier,31
2752,2753,Raymond,Élisabeth,38
2753,2754,Chevallier,Benoît,60
2754,2755,Dufour,Joséphine,69
2755,2756,Marchal,Madeleine,59
2756,2757,Pinto,Étienne,11
2757,2758,Grégoire,Aimée,33
2758,2759,Clément,Thibaut,57
2759,2760,Lefèvre,Audrey,82
2760,2761,Louis,Patricia,11
2761,2762,Leduc,Anaïs,82
2762,2763,Dumont,Susan,23
2763,2764,Martinez,Julie,61
2764,2765,Marchand,Antoinette,51
2765,2766,Dupuy,Océane,5
2766,2767,Chauveau,Vincent,76
2767,2768,Guillou,Luce,50
2768,2769,Bouvet,Marianne,15
2769,2770,Morel,Océane,58
2770,2771,Coste,Noël,18
2771,2772,Ledoux,Lorraine,78
2772,2773,Adam,Nicolas,20
2773,2774,Pires,Lucy,56
2774,2775,Fournier,Geneviève,81
2775,2776,Gillet,Pénélope,73
2776,2777,Marie,Clémence,2
2777,2778,Delahaye,Susan,11
2778,2779,Sauvage,Danielle,44
2779,2780,Valentin,Cécile,93
2780,2781,Lefort,Madeleine,63
2781,2782,Vallet,Rémy,31
2782,2783,Peltier,Bernadette,70
2783,2784,Guillot,Hortense,60
2784,2785,Auger,Édith,73
2785,2786,Petitjean,Christelle,26
2786,2787,Vasseur,Marcel,99
2787,2788,Diallo,Joseph,55
2788,2789,Poirier,Capucine,71
2789,2790,Lagarde,Alexandre,51
2790,2791,Goncalves,Luc,60
2791,2792,Legros,Jacqueline,74
2792,2793,Diallo,Sylvie,13
2793,2794,Michel,Anastasie,18
2794,2795,Roussel,Pénélope,28
2795,2796,Bouvet,Zoé,26
2796,2797,Legendre,Pierre,97
2797,2798,Mathieu,André,91
2798,2799,Munoz,Augustin,36
2799,2800,Morvan,Camille,93
2800,2801,Perrin,Henri,57
2801,2802,Bruneau,Sylvie,13
2802,2803,Gallet,Antoinette,40
2803,2804,Lebon,Jacques,54
2804,2805,Barbe,Nathalie,91
2805,2806,Deschamps,Antoine,35
2806,2807,Masson,Lorraine,31
2807,2808,Boutin,Michèle,60
2808,2809,Foucher,Renée,10
2809,2810,Rousseau,Caroline,77
2810,2811,Breton,Matthieu,64
2811,2812,Legros,Dominique,81
2812,2813,Gaillard,Manon,12
2813,2814,Albert,Amélie,2
2814,2815,Leblanc,Aimé,39
2815,2816,Diallo,Richard,87
2816,2817,Roussel,Gérard,94
2817,2818,Bouchet,Louis,67
2818,2819,Georges,Élise,26
2819,2820,Blondel,Clémence,20
2820,2821,Bruneau,Patricia,13
2821,2822,Pichon,Robert,41
2822,2823,Perez,Martine,96
2823,2824,Leconte,Eugène,49
2824,2825,Evrard,Martine,67
2825,2826,Martin,Antoine,7
2826,2827,Leclerc,Roland,81
2827,2828,Leclercq,Célina,26
2828,2829,Cousin,Marianne,28
2829,2830,Girard,Amélie,21
2830,2831,Brunel,Alphonse,29
2831,2832,Muller,Marc,64
2832,2833,Gosselin,Adrien,43
2833,2834,Hoarau,Adrienne,37
2834,2835,Richard,Geneviève,27
2835,2836,Rivière,Martin,68
2836,2837,Ruiz,Caroline,9
2837,2838,Rodriguez,Roger,47
2838,2839,Dias,Alexandre,30
2839,2840,Mace,Manon,20
2840,2841,Martineau,Odette,96
2841,2842,Martineau,Thibault,7
2842,2843,Gauthier,Philippine,25
2843,2844,Blanchet,Amélie,97
2844,2845,Techer,Paul,62
2845,2846,Hamel,Michelle,25
2846,2847,Guillot,Alice,16
2847,2848,Hardy,Émile,21
2848,2849,Pinto,Olivie,22
2849,2850,Guillot,Alice,82
2850,2851,Tessier,Philippine,23
2851,2852,Raynaud,Rémy,17
2852,2853,Breton,Olivie,73
2853,2854,Verdier,Agathe,11
2854,2855,Girard,Isabelle,99
2855,2856,Rodrigues,Virginie,43
2856,2857,Goncalves,Arthur,76
2857,2858,Laroche,Alix,99
2858,2859,Lamy,Jeanne,45
2859,2860,Leleu,Céline,53
2860,2861,Duhamel,Christiane,75
2861,2862,Petit,Élodie,81
2862,2863,Leclercq,Isabelle,7
2863,2864,Charles,Claude,81
2864,2865,Georges,Henriette,44
2865,2866,Simon,Stéphanie,89
2866,2867,Langlois,Auguste,26
2867,2868,Bonnin,Martine,19
2868,2869,Prévost,Philippine,83
2869,2870,Chauvet,Sylvie,94
2870,2871,Brun,Noémi,75
2871,2872,Nicolas,Margaux,25
2872,2873,Rousset,Thérèse,2
2873,2874,Neveu,Madeleine,99
2874,2875,Lemoine,Timothée,8
2875,2876,Martinez,Antoine,9
2876,2877,Jacquet,Gilbert,15
2877,2878,Moulin,Maggie,30
2878,2879,Vallée,Christophe,20
2879,2880,Pages,Capucine,41
2880,2881,Pages,Roger,52
2881,2882,Jourdan,René,64
2882,2883,Germain,Madeleine,36
2883,2884,Leconte,Hugues,2
2884,2885,Lombard,Stéphane,93
2885,2886,Boulay,Alexandria,8
2886,2887,Aubry,Clémence,86
2887,2888,Chauveau,Madeleine,63
2888,2889,Hamel,Suzanne,77
2889,2890,Boulay,Hélène,33
2890,2891,Guyot,Manon,75
2891,2892,Poulain,Anouk,76
2892,2893,Robert,Andrée,75
2893,2894,Grégoire,Isabelle,53
2894,2895,Laporte,Julie,41
2895,2896,Foucher,Inès,8
2896,2897,Payet,Stéphanie,35
2897,2898,Weber,Yves,40
2898,2899,Leblanc,Gabriel,58
2899,2900,Reynaud,Zoé,47
2900,2901,Bègue,Paul,88
2901,2902,Pruvost,Raymond,53
2902,2903,Menard,Constance,41
2903,2904,Mallet,Patrick,77
2904,2905,Diaz,Thibault,6
2905,2906,Raynaud,Françoise,73
2906,2907,Launay,Françoise,72
2907,2908,Muller,Michelle,67
2908,2909,Lombard,Aimé,30
2909,2910,Bruneau,Inès,72
2910,2911,Lévy,Pierre,80
2911,2912,Mendès,Élodie,8
2912,2913,Millet,Noël,21
2913,2914,Maillot,Pauline,44
2914,2915,Simon,Rémy,65
2915,2916,Godard,Arnaude,7
2916,2917,Martinez,Patricia,44
2917,2918,Barre,Virginie,6
2918,2919,Fabre,Noël,12
2919,2920,Turpin,Emmanuel,92
2920,2921,Valette,Guy,88
2921,2922,Marchand,Camille,82
2922,2923,Raynaud,Hortense,9
2923,2924,Lelièvre,Georges,95
2924,2925,Neveu,Marcelle,1
2925,2926,Costa,Louis,12
2926,2927,Lebon,Denis,89
2927,2928,Dupré,Éric,58
2928,2929,Jacquet,Julien,72
2929,2930,Bertrand,Laurent,51
2930,2931,Dupont,Daniel,39
2931,2932,Diallo,Théodore,50
2932,2933,Gilbert,Éric,22
2933,2934,Coste,Richard,43
2934,2935,Dumont,Lucas,90
2935,2936,Collin,David,44
2936,2937,Delannoy,Théodore,98
2937,2938,Collin,Laurent,82
2938,2939,Giraud,Roger,25
2939,2940,Benard,Chantal,34
2940,2941,Deschamps,Aimé,84
2941,2942,Foucher,Luce,80
2942,2943,Becker,Alfred,77
2943,2944,Allain,Louis,73
2944,2945,Clément,Amélie,73
2945,2946,Dumas,Lucas,29
2946,2947,Petitjean,Éléonore,35
2947,2948,Lefort,Auguste,71
2948,2949,Fouquet,Patricia,89
2949,2950,Paris,Audrey,15
2950,2951,Pages,Pénélope,73
2951,2952,Gillet,Noémi,59
2952,2953,Bertin,Susanne,33
2953,2954,Pereira,David,54
2954,2955,Cousin,Roland,22
2955,2956,Duhamel,Michèle,92
2956,2957,Delorme,Audrey,76
2957,2958,Alves,Marie,4
2958,2959,Gaillard,Georges,71
2959,2960,Jacquet,Jules,68
2960,2961,Gallet,Gabrielle,49
2961,2962,Munoz,Grégoire,87
2962,2963,Vallet,Camille,64
2963,2964,Charrier,Alfred,90
2964,2965,Masse,Élise,19
2965,2966,Millet,Éléonore,63
2966,2967,Lefort,Dorothée,20
2967,2968,Rousseau,Alphonse,45
2968,2969,Fernandez,Gabriel,99
2969,2970,Gillet,Laurent,54
2970,2971,Gosselin,Vincent,31
2971,2972,Moreno,Susanne,5
2972,2973,Vallet,Adèle,70
2973,2974,Poulain,Gilles,27
2974,2975,Hervé,Valentine,6
2975,2976,Camus,Marguerite,18
2976,2977,Collet,Aurélie,84
2977,2978,Guichard,Christine,55
2978,2979,Leroy,Matthieu,75
2979,2980,Lemonnier,Clémence,67
2980,2981,Laroche,Dorothée,85
2981,2982,Charrier,Nicolas,17
2982,2983,Pichon,Laetitia,66
2983,2984,Brunel,Alexandre,61
2984,2985,Techer,Stéphane,36
2985,2986,Lefebvre,Guy,10
2986,2987,Lemaître,Alice,13
2987,2988,Antoine,Corinne,42
2988,2989,Barbe,René,79
2989,2990,Merle,Valentine,29
2990,2991,Mercier,Virginie,8
2991,2992,Bodin,Hugues,10
2992,2993,Legendre,Laurence,65
2993,2994,Thomas,Corinne,92
2994,2995,Grenier,Alexandrie,38
2995,2996,Thomas,Roger,90
2996,2997,Bourdon,Laurence,25
2997,2998,Delannoy,Laurent,81
2998,2999,Da Silva,Pierre,56
2999,3000,Lemoine,Sophie,65
3000,3001,Chauvet,Élodie,96
3001,3002,Weber,Jeanne,2
3002,3003,Pelletier,Dominique,3
3003,3004,Barbier,Eugène,32
3004,3005,Dupont,Caroline,67
3005,3006,Collin,Bernard,100
3006,3007,Samson,Rémy,94
3007,3008,Huet,Nathalie,61
3008,3009,Cousin,Diane,25
3009,3010,Maillot,Alfred,48
3010,3011,Allain,Denis,51
3011,3012,Jacquet,Émile,82
3012,3013,Guibert,Franck,44
3013,3014,Paris,Lucie,94
3014,3015,Delmas,Jean,22
3015,3016,Foucher,René,11
3016,3017,Aubert,Élisabeth,83
3017,3018,Dubois,Clémence,49
3018,3019,Camus,Eugène,36
3019,3020,Merle,Margaret,52
3020,3021,Delattre,Christiane,65
3021,3022,Gauthier,Alix,56
3022,3023,Gérard,Noémi,65
3023,3024,Costa,Jules,95
3024,3025,Leduc,Guillaume,74
3025,3026,Costa,Nathalie,71
3026,3027,Pages,Suzanne,14
3027,3028,Hoareau,Nathalie,16
3028,3029,Valette,Thérèse,93
3029,3030,Marchand,Anouk,5
3030,3031,Duval,Alain,1
3031,3032,Renard,Lucie,60
3032,3033,Lefort,Claire,24
3033,3034,Gomez,Gabrielle,100
3034,3035,Descamps,Zoé,69
3035,3036,Letellier,Inès,53
3036,3037,Blanc,Arthur,48
3037,3038,Legrand,Charlotte,74
3038,3039,Dos Santos,Xavier,42
3039,3040,Olivier,Joséphine,86
3040,3041,Maillot,Nathalie,36
3041,3042,Laporte,Claude,62
3042,3043,Delmas,Thibaut,64
3043,3044,Chevalier,Noémi,60
3044,3045,Torres,Lorraine,46
3045,3046,Lemonnier,Victor,17
3046,3047,Thibault,Nathalie,15
3047,3048,Marie,Joséphine,53
3048,3049,Da Silva,Thomas,54
3049,3050,Collet,Bernadette,27
3050,3051,Pierre,Franck,75
3051,3052,Georges,Inès,92
3052,3053,Coulon,Céline,82
3053,3054,Jacquet,Capucine,15
3054,3055,Imbert,Émile,4
3055,3056,Rodrigues,Eugène,55
3056,3057,Roussel,Gabrielle,29
3057,3058,Andre,Anouk,4
3058,3059,Costa,Geneviève,53
3059,3060,Legendre,Aurélie,29
3060,3061,Besson,Martin,96
3061,3062,Marin,Marcel,14
3062,3063,Martins,Richard,69
3063,3064,Royer,Martin,97
3064,3065,Leroy,Marcelle,21
3065,3066,Ruiz,Luce,68
3066,3067,Fournier,Maryse,37
3067,3068,Jourdan,François,84
3068,3069,Wagner,Rémy,63
3069,3070,Diaz,Josette,51
3070,3071,Roy,Noël,100
3071,3072,Cohen,Tristan,31
3072,3073,Grondin,Victoire,57
3073,3074,Costa,Suzanne,71
3074,3075,Lemoine,Agathe,11
3075,3076,Descamps,Alice,28
3076,3077,Legendre,William,19
3077,3078,Menard,Pauline,10
3078,3079,Marie,Marcel,80
3079,3080,Carlier,Michèle,69
3080,3081,Gilbert,Geneviève,54
3081,3082,Girard,Zoé,12
3082,3083,Laurent,Étienne,16
3083,3084,Bonnet,Constance,14
3084,3085,Hoarau,Jean,5
3085,3086,Chevalier,Étienne,64
3086,3087,Carlier,Victoire,33
3087,3088,Peltier,Laetitia,14
3088,3089,Maillard,Marguerite,50
3089,3090,Lévêque,Inès,96
3090,3091,Seguin,Audrey,60
3091,3092,Dumas,Astrid,44
3092,3093,Chevalier,Philippe,9
3093,3094,Besson,Charlotte,73
3094,3095,Aubert,Odette,27
3095,3096,Leconte,Hortense,51
3096,3097,Joly,Madeleine,7
3097,3098,Clerc,Yves,91
3098,3099,Cousin,Isaac,23
3099,3100,Fournier,Geneviève,37
3100,3101,Martel,Benoît,77
3101,3102,Chauveau,Thérèse,87
3102,3103,Charpentier,Laurent,99
3103,3104,Jacquot,Gilbert,40
3104,3105,Louis,Aimée,52
3105,3106,Pierre,Juliette,66
3106,3107,Hamon,Adrien,65
3107,3108,Vidal,Marie,90
3108,3109,Lévy,Odette,49
3109,3110,Carlier,Sophie,10
3110,3111,Hervé,Paul,4
3111,3112,Vallée,Victoire,75
3112,3113,Julien,Hélène,16
3113,3114,Vincent,Frédéric,53
3114,3115,Nicolas,Marcel,73
3115,3116,Brunet,Philippine,96
3116,3117,Laporte,Susanne,14
3117,3118,Lefort,Anaïs,85
3118,3119,Godard,Josette,57
3119,3120,Aubry,Amélie,85
3120,3121,Vallée,Sylvie,75
3121,3122,Blondel,Françoise,68
3122,3123,Verdier,Daniel,45
3123,3124,Godard,Agathe,50
3124,3125,Chauvin,Hugues,33
3125,3126,Dupuis,Maggie,6
3126,3127,Lefort,Aurore,49
3127,3128,Fabre,Sabine,6
3128,3129,Perez,Susan,73
3129,3130,Blanc,Constance,29
3130,3131,Regnier,Gilles,96
3131,3132,Texier,Éléonore,76
3132,3133,Alexandre,Hélène,92
3133,3134,Girard,Guillaume,11
3134,3135,Thomas,Olivie,34
3135,3136,Chartier,Diane,5
3136,3137,Bernier,Jacques,55
3137,3138,Perrot,Caroline,22
3138,3139,Monnier,Juliette,81
3139,3140,Léger,Joséphine,64
3140,3141,Leroy,Marcelle,8
3141,3142,Gimenez,Margot,83
3142,3143,Richard,Jérôme,13
3143,3144,Mary,Benjamin,70
3144,3145,Guillou,Margaret,85
3145,3146,Lelièvre,Luce,74
3146,3147,Mary,Manon,59
3147,3148,Andre,Adèle,36
3148,3149,Lemoine,Martine,22
3149,3150,Teixeira,Chantal,61
3150,3151,Menard,Alexandre,27
3151,3152,Meunier,Gabriel,77
3152,3153,Lemonnier,Isabelle,70
3153,3154,Bonnin,Henriette,31
3154,3155,Brun,Susan,73
3155,3156,Vasseur,Patricia,77
3156,3157,Lopes,Claudine,14
3157,3158,Faure,Isabelle,84
3158,3159,Hamel,Jeannine,9
3159,3160,Joubert,Jules,47
3160,3161,Lesage,Claire,25
3161,3162,Humbert,Noémi,62
3162,3163,Guillaume,Astrid,66
3163,3164,Laroche,Emmanuel,71
3164,3165,Goncalves,Charles,45
3165,3166,Guibert,Agathe,24
3166,3167,Adam,Jacqueline,1
3167,3168,Godard,Alexandria,42
3168,3169,Coulon,Hugues,11
3169,3170,Potier,Alix,18
3170,3171,Lefort,Sabine,3
3171,3172,Roger,Anne,49
3172,3173,Dupuy,Michel,91
3173,3174,Brunet,Isabelle,56
3174,3175,Pichon,Roger,7
3175,3176,Cousin,Thérèse,98
3176,3177,Merle,Guy,77
3177,3178,Meunier,Valentine,62
3178,3179,Gaudin,Alex,56
3179,3180,Auger,Édouard,77
3180,3181,Valentin,Pierre,54
3181,3182,Lebrun,Cécile,83
3182,3183,Descamps,Suzanne,28
3183,3184,Bertin,Anastasie,62
3184,3185,Godard,Arnaude,34
3185,3186,Laporte,Alain,61
3186,3187,Pelletier,Manon,16
3187,3188,Guillet,Claire,35
3188,3189,Seguin,Marthe,34
3189,3190,Chevalier,Chantal,46
3190,3191,Leroux,Patricia,13
3191,3192,Garnier,Adrienne,15
3192,3193,Ledoux,Timothée,74
3193,3194,Maréchal,Juliette,90
3194,3195,Perret,Suzanne,24
3195,3196,Leblanc,Michelle,20
3196,3197,Legendre,Margot,23
3197,3198,Guillou,Louis,7
3198,3199,Philippe,Michelle,61
3199,3200,Leduc,Olivier,20
3200,3201,Rodriguez,Lucas,49
3201,3202,Charrier,Stéphane,62
3202,3203,Blanchard,Raymond,39
3203,3204,Rémy,Renée,35
3204,3205,Berthelot,Claudine,47
3205,3206,Aubry,Paul,51
3206,3207,Colas,Roger,31
3207,3208,Duval,Marcelle,5
3208,3209,Petitjean,Susan,20
3209,3210,Léger,Véronique,33
3210,3211,Lombard,Aimé,75
3211,3212,Denis,Suzanne,65
3212,3213,Gauthier,Grégoire,30
3213,3214,Robert,Gérard,91
3214,3215,Bonnin,Capucine,14
3215,3216,Marchand,Pierre,35
3216,3217,Caron,Luce,68
3217,3218,Diaz,Roland,39
3218,3219,Fernandes,Virginie,69
3219,3220,Martel,Théophile,8
3220,3221,Vidal,Éléonore,99
3221,3222,Hoareau,Anaïs,55
3222,3223,Maillet,Martin,42
3223,3224,Weiss,Aimée,72
3224,3225,Lagarde,Margot,96
3225,3226,Marchand,Marthe,52
3226,3227,Gilles,Olivie,43
3227,3228,Charpentier,Patrick,50
3228,3229,Guyot,Valérie,9
3229,3230,Gautier,Arthur,20
3230,3231,Da Costa,Anne,14
3231,3232,Faivre,Mathilde,71
3232,3233,Perez,Louise,18
3233,3234,Gilles,Tristan,36
3234,3235,Joseph,Aurore,64
3235,3236,Joly,Suzanne,96
3236,3237,Gallet,Frédérique,88
3237,3238,Camus,Marguerite,82
3238,3239,Ramos,Margot,36
3239,3240,Colin,Nathalie,44
3240,3241,Maillard,Raymond,64
3241,3242,Delaunay,Roland,26
3242,3243,Fabre,Nathalie,96
3243,3244,Delannoy,Lucie,52
3244,3245,Diaz,Pénélope,100
